{
	"credit": "Made with Blockbench",
	"textures": {
		"0": "hd_guns:block/anvil",
		"1": "hd_guns:block/white_concrete_powder",
		"2": "hd_guns:block/red_concrete_powder",
		"particle": "hd_guns:block/anvil"
	},
	"elements": [
		{
			"from": [7.3929, 8.35339, 10.01515],
			"to": [7.45246, 8.68448, 10.96893],
			"rotation": {"angle": 0, "axis": "x", "origin": [7.80508, 7.61002, 8.72329]},
			"faces": {
				"north": {"uv": [0, 0, 1, 0.73438], "rotation": 180, "texture": "#0"},
				"east": {"uv": [0, 0, 0.73438, 14.35938], "rotation": 270, "texture": "#0"},
				"south": {"uv": [0, 0, 1, 0.73438], "texture": "#0"},
				"west": {"uv": [0, 14, 5, 16], "texture": "#0"},
				"up": {"uv": [0, 0, 1, 14.35938], "rotation": 180, "texture": "#0"},
				"down": {"uv": [0, 0, 1, 14.35938], "texture": "#0"}
			}
		},
		{
			"from": [7.37337, 8.55652, 10.74172],
			"to": [7.45246, 8.64542, 10.95721],
			"rotation": {"angle": 0, "axis": "x", "origin": [7.80508, 7.58268, 8.72329]},
			"faces": {
				"north": {"uv": [0, 0, 1, 0.73438], "rotation": 180, "texture": "#1"},
				"east": {"uv": [0, 0, 0.73438, 14.35938], "rotation": 270, "texture": "#1"},
				"south": {"uv": [0, 0, 1, 0.73438], "texture": "#1"},
				"west": {"uv": [0, 14, 5, 16], "texture": "#1"},
				"up": {"uv": [0, 0, 1, 14.35938], "rotation": 180, "texture": "#1"},
				"down": {"uv": [0, 0, 1, 14.35938], "texture": "#1"}
			}
		},
		{
			"from": [7.37337, 8.40418, 10.74172],
			"to": [7.45246, 8.49308, 10.95721],
			"rotation": {"angle": 0, "axis": "x", "origin": [7.80508, 7.43033, 8.72329]},
			"faces": {
				"north": {"uv": [0, 0, 1, 0.73438], "rotation": 180, "texture": "#2"},
				"east": {"uv": [0, 0, 0.73438, 14.35938], "rotation": 270, "texture": "#2"},
				"south": {"uv": [0, 0, 1, 0.73438], "texture": "#2"},
				"west": {"uv": [0, 14, 5, 16], "texture": "#2"},
				"up": {"uv": [0, 0, 1, 14.35938], "rotation": 180, "texture": "#2"},
				"down": {"uv": [0, 0, 1, 14.35938], "texture": "#2"}
			}
		},
		{
			"from": [7.2718, 8.44324, 10.0425],
			"to": [7.45246, 8.59464, 10.65643],
			"rotation": {"angle": 0, "axis": "x", "origin": [7.80508, 7.61002, 8.72329]},
			"faces": {
				"north": {"uv": [0, 0, 1, 0.73438], "rotation": 180, "texture": "#0"},
				"east": {"uv": [0, 0, 0.73438, 14.35938], "rotation": 270, "texture": "#0"},
				"south": {"uv": [0, 0, 1, 0.73438], "texture": "#0"},
				"west": {"uv": [0, 14, 5, 16], "texture": "#0"},
				"up": {"uv": [0, 0, 1, 14.35938], "rotation": 180, "texture": "#0"},
				"down": {"uv": [0, 0, 1, 14.35938], "texture": "#0"}
			}
		},
		{
			"from": [7.4693, 5.0762, 8.94406],
			"to": [8.1411, 8.1866, 10.31398],
			"rotation": {"angle": -22.5, "axis": "x", "origin": [7.80508, 7.69773, 8.32765]},
			"faces": {
				"north": {"uv": [0, 0, 1, 8], "texture": "#0"},
				"east": {"uv": [4, 14, 12, 16], "texture": "#0"},
				"south": {"uv": [5, 8, 11, 16], "texture": "#0"},
				"west": {"uv": [4, 14, 12, 16], "texture": "#0"},
				"up": {"uv": [0, 0, 1, 1], "texture": "#0"},
				"down": {"uv": [0, 0, 1, 1], "texture": "#0"}
			}
		},
		{
			"from": [7.469, 5.43598, 9.44829],
			"to": [8.1412, 6.03588, 11.16599],
			"rotation": {"angle": 0, "axis": "x", "origin": [7.80508, 7.69773, 8.32765]},
			"faces": {
				"north": {"uv": [4, 13, 12, 16], "texture": "#0"},
				"east": {"uv": [4, 14, 12, 16], "texture": "#0"},
				"south": {"uv": [5, 8, 11, 11], "texture": "#0"},
				"west": {"uv": [4, 14, 12, 16], "texture": "#0"},
				"up": {"uv": [0, 0, 1, 1], "texture": "#0"},
				"down": {"uv": [0, 0, 1, 1], "texture": "#0"}
			}
		},
		{
			"from": [7.51348, 7.8145, 7.34634],
			"to": [8.09668, 9.04621, 7.53163],
			"rotation": {"angle": -22.5, "axis": "x", "origin": [7.80508, 7.69773, 8.54939]},
			"faces": {
				"north": {"uv": [0, 0, 1, 8], "texture": "#0"},
				"east": {"uv": [0, 0, 1, 8], "texture": "#0"},
				"south": {"uv": [0, 0, 1, 8], "texture": "#0"},
				"west": {"uv": [0, 0, 1, 8], "texture": "#0"},
				"up": {"uv": [0, 0, 1, 1], "texture": "#0"},
				"down": {"uv": [0, 0, 1, 1], "texture": "#0"}
			}
		},
		{
			"from": [7.51348, 7.34523, 7.39171],
			"to": [8.09668, 7.47584, 8.50951],
			"rotation": {"angle": 0, "axis": "x", "origin": [7.80508, 7.69773, 8.32765]},
			"faces": {
				"north": {"uv": [0, 0, 1, 8], "texture": "#0"},
				"east": {"uv": [0, 0, 1, 8], "texture": "#0"},
				"south": {"uv": [0, 0, 1, 8], "texture": "#0"},
				"west": {"uv": [0, 0, 1, 8], "texture": "#0"},
				"up": {"uv": [0, 0, 1, 1], "texture": "#0"},
				"down": {"uv": [0, 0, 1, 1], "texture": "#0"}
			}
		},
		{
			"from": [7.68813, 7.90413, 8.26499],
			"to": [7.92202, 8.25952, 8.3956],
			"rotation": {"angle": 0, "axis": "x", "origin": [7.63042, 7.41053, 8.09185]},
			"faces": {
				"north": {"uv": [0, 0, 1, 1], "rotation": 180, "texture": "#0"},
				"east": {"uv": [0, 0, 1, 8], "rotation": 90, "texture": "#0"},
				"south": {"uv": [0, 0, 1, 1], "texture": "#0"},
				"west": {"uv": [0, 0, 1, 8], "rotation": 270, "texture": "#0"},
				"up": {"uv": [0, 0, 1, 8], "texture": "#0"},
				"down": {"uv": [0, 0, 1, 8], "rotation": 180, "texture": "#0"}
			}
		},
		{
			"from": [7.68813, 7.76134, 8.20487],
			"to": [7.92202, 7.94207, 8.33548],
			"rotation": {"angle": 22.5, "axis": "x", "origin": [7.80508, 7.77197, 8.27017]},
			"faces": {
				"north": {"uv": [0, 0, 1, 1], "rotation": 180, "texture": "#0"},
				"east": {"uv": [0, 0, 1, 8], "rotation": 90, "texture": "#0"},
				"south": {"uv": [0, 0, 1, 1], "texture": "#0"},
				"west": {"uv": [0, 0, 1, 8], "rotation": 270, "texture": "#0"},
				"up": {"uv": [0, 0, 1, 8], "texture": "#0"},
				"down": {"uv": [0, 0, 1, 8], "rotation": 180, "texture": "#0"}
			}
		},
		{
			"from": [7.68813, 7.65413, 8.126],
			"to": [7.92202, 7.78474, 8.30673],
			"rotation": {"angle": -45, "axis": "x", "origin": [7.80508, 7.71943, 8.21636]},
			"faces": {
				"north": {"uv": [0, 0, 1, 8], "texture": "#0"},
				"east": {"uv": [0, 0, 1, 8], "texture": "#0"},
				"south": {"uv": [0, 0, 1, 8], "texture": "#0"},
				"west": {"uv": [0, 0, 1, 8], "texture": "#0"},
				"up": {"uv": [0, 0, 1, 1], "texture": "#0"},
				"down": {"uv": [0, 0, 1, 1], "texture": "#0"}
			}
		},
		{
			"from": [7.68813, 7.56981, 7.9998],
			"to": [7.92202, 7.70042, 8.18053],
			"rotation": {"angle": -22.5, "axis": "x", "origin": [7.80508, 7.63511, 8.09016]},
			"faces": {
				"north": {"uv": [0, 0, 1, 8], "texture": "#0"},
				"east": {"uv": [0, 0, 1, 8], "texture": "#0"},
				"south": {"uv": [0, 0, 1, 8], "texture": "#0"},
				"west": {"uv": [0, 0, 1, 8], "texture": "#0"},
				"up": {"uv": [0, 0, 1, 1], "texture": "#0"},
				"down": {"uv": [0, 0, 1, 1], "texture": "#0"}
			}
		},
		{
			"from": [7.51348, 7.30247, 8.36077],
			"to": [8.09668, 7.43308, 8.68882],
			"rotation": {"angle": -22.5, "axis": "x", "origin": [7.80508, 7.69773, 8.32765]},
			"faces": {
				"north": {"uv": [0, 0, 1, 8], "texture": "#0"},
				"east": {"uv": [0, 0, 1, 8], "texture": "#0"},
				"south": {"uv": [0, 0, 1, 8], "texture": "#0"},
				"west": {"uv": [0, 0, 1, 8], "texture": "#0"},
				"up": {"uv": [0, 0, 1, 1], "texture": "#0"},
				"down": {"uv": [0, 0, 1, 1], "texture": "#0"}
			}
		},
		{
			"from": [7.51348, 7.63281, 8.76673],
			"to": [8.09668, 8.1507, 9.15705],
			"rotation": {"angle": 22.5, "axis": "x", "origin": [7.80508, 7.69773, 8.32765]},
			"faces": {
				"north": {"uv": [0, 0, 1, 1], "rotation": 180, "texture": "#0"},
				"east": {"uv": [0, 0, 1, 8], "rotation": 90, "texture": "#0"},
				"south": {"uv": [0, 0, 1, 1], "texture": "#0"},
				"west": {"uv": [0, 0, 1, 8], "rotation": 270, "texture": "#0"},
				"up": {"uv": [0, 0, 1, 8], "texture": "#0"},
				"down": {"uv": [0, 0, 1, 8], "rotation": 180, "texture": "#0"}
			}
		},
		{
			"from": [7.51348, 7.90267, 8.7927],
			"to": [8.09668, 8.42056, 8.82755],
			"rotation": {"angle": -22.5, "axis": "x", "origin": [7.80508, 8.16162, 8.98786]},
			"faces": {
				"north": {"uv": [0, 0, 1, 1], "rotation": 180, "texture": "#0"},
				"east": {"uv": [0, 0, 1, 8], "rotation": 90, "texture": "#0"},
				"south": {"uv": [0, 0, 1, 1], "texture": "#0"},
				"west": {"uv": [0, 0, 1, 8], "rotation": 270, "texture": "#0"},
				"up": {"uv": [0, 0, 1, 8], "texture": "#0"},
				"down": {"uv": [0, 0, 1, 8], "rotation": 180, "texture": "#0"}
			}
		},
		{
			"from": [7.46907, 7.25246, 9.05728],
			"to": [8.14109, 7.59721, 9.24712],
			"rotation": {"angle": 0, "axis": "x", "origin": [7.80508, 7.69773, 8.32765]},
			"faces": {
				"north": {"uv": [4, 14, 12, 16], "texture": "#0"},
				"east": {"uv": [0, 0, 1, 8], "rotation": 90, "texture": "#0"},
				"south": {"uv": [0, 0, 1, 1], "texture": "#0"},
				"west": {"uv": [0, 0, 1, 8], "rotation": 270, "texture": "#0"},
				"up": {"uv": [0, 0, 1, 8], "texture": "#0"},
				"down": {"uv": [0, 0, 1, 8], "rotation": 180, "texture": "#0"}
			}
		},
		{
			"from": [7.46907, 7.43623, 10.3953],
			"to": [8.14109, 7.82958, 10.58514],
			"rotation": {"angle": 0, "axis": "x", "origin": [7.80508, 7.69773, 8.32765]},
			"faces": {
				"north": {"uv": [0, 0, 1, 1], "rotation": 180, "texture": "#0"},
				"east": {"uv": [0, 0, 1, 8], "rotation": 90, "texture": "#0"},
				"south": {"uv": [5, 8, 11, 9], "texture": "#0"},
				"west": {"uv": [0, 0, 1, 8], "rotation": 270, "texture": "#0"},
				"up": {"uv": [0, 0, 1, 8], "texture": "#0"},
				"down": {"uv": [0, 0, 1, 8], "rotation": 180, "texture": "#0"}
			}
		},
		{
			"from": [7.46907, 7.94637, 10.18829],
			"to": [8.14109, 8.33973, 10.65303],
			"rotation": {"angle": 0, "axis": "x", "origin": [7.80508, 7.69773, 8.32765]},
			"faces": {
				"north": {"uv": [0, 0, 1, 1], "rotation": 180, "texture": "#0"},
				"east": {"uv": [0, 0, 1, 8], "rotation": 90, "texture": "#0"},
				"south": {"uv": [0, 0, 1, 1], "texture": "#0"},
				"west": {"uv": [0, 0, 1, 8], "rotation": 270, "texture": "#0"},
				"up": {"uv": [0, 0, 1, 8], "texture": "#0"},
				"down": {"uv": [0, 0, 1, 8], "rotation": 180, "texture": "#0"}
			}
		},
		{
			"from": [7.46907, 8.62417, 10.11551],
			"to": [8.14109, 8.93399, 10.38281],
			"rotation": {"angle": 22.5, "axis": "x", "origin": [7.80508, 7.69773, 8.32765]},
			"faces": {
				"north": {"uv": [0, 0, 1, 1], "rotation": 180, "texture": "#0"},
				"east": {"uv": [0, 0, 1, 8], "rotation": 90, "texture": "#0"},
				"south": {"uv": [0, 0, 1, 1], "texture": "#0"},
				"west": {"uv": [0, 0, 1, 8], "rotation": 270, "texture": "#0"},
				"up": {"uv": [0, 0, 1, 8], "texture": "#0"},
				"down": {"uv": [0, 0, 1, 8], "rotation": 180, "texture": "#0"}
			}
		},
		{
			"from": [7.46907, 9.46072, 9.60536],
			"to": [8.14109, 9.74169, 9.80279],
			"rotation": {"angle": 45, "axis": "x", "origin": [7.80508, 7.69773, 8.32765]},
			"faces": {
				"north": {"uv": [0, 0, 1, 1], "rotation": 180, "texture": "#0"},
				"east": {"uv": [0, 0, 1, 8], "rotation": 90, "texture": "#0"},
				"south": {"uv": [0, 0, 1, 1], "texture": "#0"},
				"west": {"uv": [0, 0, 1, 8], "rotation": 270, "texture": "#0"},
				"up": {"uv": [0, 0, 1, 8], "texture": "#0"},
				"down": {"uv": [0, 0, 1, 8], "rotation": 180, "texture": "#0"}
			}
		},
		{
			"from": [7.46907, 7.08462, 10.65209],
			"to": [8.14109, 7.46734, 11.17302],
			"rotation": {"angle": -22.5, "axis": "x", "origin": [7.80508, 7.69773, 8.32765]},
			"faces": {
				"north": {"uv": [0, 0, 1, 8], "texture": "#0"},
				"east": {"uv": [0, 0, 1, 8], "texture": "#0"},
				"south": {"uv": [0, 0, 1, 8], "texture": "#0"},
				"west": {"uv": [0, 0, 1, 8], "texture": "#0"},
				"up": {"uv": [0, 0, 1, 1], "texture": "#0"},
				"down": {"uv": [0, 0, 1, 1], "texture": "#0"}
			}
		},
		{
			"from": [7.46907, 7.2775, 11.16391],
			"to": [8.14109, 7.52658, 11.25048],
			"rotation": {"angle": -22.5, "axis": "x", "origin": [7.80508, 7.69773, 8.32765]},
			"faces": {
				"north": {"uv": [0, 0, 1, 8], "texture": "#0"},
				"east": {"uv": [0, 0, 1, 8], "texture": "#0"},
				"south": {"uv": [5, 8, 11, 10], "texture": "#0"},
				"west": {"uv": [0, 0, 1, 8], "texture": "#0"},
				"up": {"uv": [0, 0, 1, 1], "texture": "#0"},
				"down": {"uv": [0, 0, 1, 1], "texture": "#0"}
			}
		},
		{
			"from": [7.46907, 8.22146, 11.11135],
			"to": [8.14109, 8.42801, 11.1888],
			"rotation": {"angle": 0, "axis": "x", "origin": [7.80508, 7.69773, 8.32765]},
			"faces": {
				"north": {"uv": [0, 0, 1, 8], "texture": "#0"},
				"east": {"uv": [0, 0, 1, 8], "texture": "#0"},
				"south": {"uv": [5, 8, 11, 10], "texture": "#0"},
				"west": {"uv": [0, 0, 1, 8], "texture": "#0"},
				"up": {"uv": [0, 0, 1, 1], "texture": "#0"},
				"down": {"uv": [0, 0, 1, 1], "texture": "#0"}
			}
		},
		{
			"from": [7.46906, 5.62874, 8.72702],
			"to": [8.14108, 6.20131, 8.94724],
			"rotation": {"angle": -22.5, "axis": "x", "origin": [7.80508, 7.69773, 8.32765]},
			"faces": {
				"north": {"uv": [4, 14, 12, 16], "texture": "#0"},
				"east": {"uv": [0, 0, 1, 8], "rotation": 90, "texture": "#0"},
				"south": {"uv": [0, 0, 1, 1], "texture": "#0"},
				"west": {"uv": [0, 0, 1, 8], "rotation": 270, "texture": "#0"},
				"up": {"uv": [0, 0, 1, 8], "texture": "#0"},
				"down": {"uv": [0, 0, 1, 8], "rotation": 180, "texture": "#0"}
			}
		},
		{
			"from": [7.46907, 6.46038, 8.83134],
			"to": [8.14109, 7.00713, 8.95132],
			"rotation": {"angle": -22.5, "axis": "x", "origin": [7.80508, 7.69773, 8.32765]},
			"faces": {
				"north": {"uv": [4, 14, 12, 16], "texture": "#0"},
				"east": {"uv": [0, 0, 1, 8], "rotation": 90, "texture": "#0"},
				"south": {"uv": [0, 0, 1, 1], "texture": "#0"},
				"west": {"uv": [0, 0, 1, 8], "rotation": 270, "texture": "#0"},
				"up": {"uv": [0, 0, 1, 8], "texture": "#0"},
				"down": {"uv": [0, 0, 1, 8], "rotation": 180, "texture": "#0"}
			}
		},
		{
			"from": [7.46906, 6.46805, 9.26928],
			"to": [8.14108, 7.11352, 9.48949],
			"rotation": {"angle": 0, "axis": "x", "origin": [7.80508, 7.60652, 8.36543]},
			"faces": {
				"north": {"uv": [4, 14, 12, 16], "texture": "#0"},
				"east": {"uv": [0, 0, 1, 8], "rotation": 90, "texture": "#0"},
				"south": {"uv": [0, 0, 1, 1], "texture": "#0"},
				"west": {"uv": [0, 0, 1, 8], "rotation": 270, "texture": "#0"},
				"up": {"uv": [0, 0, 1, 8], "texture": "#0"},
				"down": {"uv": [0, 0, 1, 8], "rotation": 180, "texture": "#0"}
			}
		},
		{
			"from": [7.51348, 8.25205, 7.03095],
			"to": [8.09668, 8.57859, 8.77903],
			"rotation": {"angle": 0, "axis": "x", "origin": [7.80508, 7.69773, 8.32765]},
			"faces": {
				"north": {"uv": [0, 0, 1, 8], "texture": "#0"},
				"east": {"uv": [0, 0, 1, 8], "texture": "#0"},
				"south": {"uv": [0, 0, 1, 8], "texture": "#0"},
				"west": {"uv": [0, 0, 1, 8], "texture": "#0"},
				"up": {"uv": [0, 0, 1, 1], "texture": "#0"},
				"down": {"uv": [0, 0, 1, 1], "texture": "#0"}
			}
		},
		{
			"from": [7.51348, 7.9316, 7.21624],
			"to": [8.09668, 8.57859, 7.34989],
			"rotation": {"angle": 0, "axis": "x", "origin": [7.80508, 7.69773, 8.54939]},
			"faces": {
				"north": {"uv": [0, 0, 1, 8], "texture": "#0"},
				"east": {"uv": [0, 0, 1, 8], "texture": "#0"},
				"south": {"uv": [0, 0, 1, 8], "texture": "#0"},
				"west": {"uv": [0, 0, 1, 8], "texture": "#0"},
				"up": {"uv": [0, 0, 1, 1], "texture": "#0"},
				"down": {"uv": [0, 0, 1, 1], "texture": "#0"}
			}
		},
		{
			"from": [7.39616, 8.98368, 8.38705],
			"to": [8.214, 9.27984, 10.87325],
			"rotation": {"angle": 0, "axis": "x", "origin": [7.80508, 7.69773, 8.32765]},
			"faces": {
				"north": {"uv": [0, 0, 1, 0.76172], "rotation": 180, "texture": "#0"},
				"east": {"uv": [4, 14, 12, 16], "texture": "#0"},
				"south": {"uv": [0, 0, 1, 0.76172], "texture": "#0"},
				"west": {"uv": [4, 14, 12, 16], "texture": "#0"},
				"up": {"uv": [0, 0, 1, 6.15234], "rotation": 180, "texture": "#0"},
				"down": {"uv": [0, 0, 1, 6.15234], "texture": "#0"}
			}
		},
		{
			"from": [7.43944, 8.98368, 5.05644],
			"to": [8.17072, 9.27224, 7.51987],
			"rotation": {"angle": 0, "axis": "x", "origin": [7.80508, 7.69773, 8.32765]},
			"faces": {
				"north": {"uv": [4, 14, 12, 16], "texture": "#0"},
				"east": {"uv": [4, 14, 12, 16], "texture": "#0"},
				"south": {"uv": [0, 0, 0.85156, 0.94922], "texture": "#0"},
				"west": {"uv": [4, 14, 12, 16], "texture": "#0"},
				"up": {"uv": [0, 0, 16, 8.31641], "texture": "#0"},
				"down": {"uv": [0, 0, 0.85156, 8.31641], "texture": "#0"}
			}
		},
		{
			"from": [7.43944, 8.98368, 7.50956],
			"to": [8.03009, 9.27224, 8.38705],
			"rotation": {"angle": 0, "axis": "x", "origin": [7.80508, 7.69773, 8.32765]},
			"faces": {
				"north": {"uv": [0, 0, 0.85156, 0.94922], "rotation": 180, "texture": "#0"},
				"east": {"uv": [4, 14, 12, 16], "texture": "#0"},
				"south": {"uv": [0, 0, 0.85156, 0.94922], "texture": "#0"},
				"west": {"uv": [4, 14, 12, 16], "texture": "#0"},
				"up": {"uv": [0, 0, 16, 8.31641], "texture": "#0"},
				"down": {"uv": [0, 0, 0.85156, 8.31641], "texture": "#0"}
			}
		},
		{
			"from": [7.5767, 9.25402, 7.52592],
			"to": [8.02776, 9.42564, 8.38705],
			"rotation": {"angle": 0, "axis": "x", "origin": [6.11262, 7.61002, 8.72329]},
			"faces": {
				"north": {"uv": [0, 0, 0.77344, 0.1875], "rotation": 180, "texture": "#0"},
				"east": {"uv": [4, 14, 12, 16], "texture": "#0"},
				"south": {"uv": [0, 0, 0.77344, 0.1875], "texture": "#0"},
				"west": {"uv": [4, 14, 12, 16], "texture": "#0"},
				"up": {"uv": [0, 0, 0.77344, 2.21484], "rotation": 180, "texture": "#0"},
				"down": {"uv": [0, 0, 0.77344, 2.21484], "texture": "#0"}
			}
		},
		{
			"from": [7.57385, 9.25402, 5.05644],
			"to": [8.03631, 9.42564, 7.532],
			"rotation": {"angle": 0, "axis": "x", "origin": [7.80508, 7.69773, 8.32765]},
			"faces": {
				"north": {"uv": [4, 14, 12, 16], "texture": "#0"},
				"east": {"uv": [0, 0, 0.1875, 6.11719], "rotation": 270, "texture": "#0"},
				"south": {"uv": [0, 0, 0.79297, 0.1875], "texture": "#0"},
				"west": {"uv": [0, 0, 0.1875, 6.11719], "rotation": 90, "texture": "#0"},
				"up": {"uv": [0, 0, 0.79297, 6.11719], "rotation": 180, "texture": "#0"},
				"down": {"uv": [0, 0, 0.79297, 6.11719], "texture": "#0"}
			}
		},
		{
			"from": [7.57385, 9.42564, 5.05644],
			"to": [8.03631, 9.54258, 7.53048],
			"rotation": {"angle": 0, "axis": "x", "origin": [7.80508, 7.69773, 8.32765]},
			"faces": {
				"north": {"uv": [4, 14, 12, 16], "texture": "#0"},
				"east": {"uv": [4, 13, 12, 16], "texture": "#0"},
				"south": {"uv": [0, 0, 0.79297, 0.30078], "texture": "#0"},
				"west": {"uv": [4, 13, 12, 16], "texture": "#0"},
				"up": {"uv": [3, 9, 13, 11], "texture": "#0"},
				"down": {"uv": [0, 0, 0.79297, 6.11328], "texture": "#0"}
			}
		},
		{
			"from": [7.59151, 9.42564, 7.53048],
			"to": [8.02435, 9.51676, 8.39617],
			"rotation": {"angle": 0, "axis": "x", "origin": [6.11262, 7.61002, 8.72329]},
			"faces": {
				"north": {"uv": [0.74219, 0, 0, 0.23438], "rotation": 180, "texture": "#0"},
				"east": {"uv": [4, 14, 12, 16], "texture": "#0"},
				"south": {"uv": [0.74219, 0, 0, 0.23438], "texture": "#0"},
				"west": {"uv": [4, 14, 12, 16], "texture": "#0"},
				"up": {"uv": [3, 9, 13, 11], "texture": "#0"},
				"down": {"uv": [0.74219, 0, 0, 2.22656], "texture": "#0"}
			}
		},
		{
			"from": [7.54423, 9.27984, 8.38705],
			"to": [8.06593, 9.55321, 10.75327],
			"rotation": {"angle": 0, "axis": "x", "origin": [7.80508, 7.69773, 8.32765]},
			"faces": {
				"north": {"uv": [0, 0, 0.89453, 0.70313], "rotation": 180, "texture": "#0"},
				"east": {"uv": [4, 13, 12, 16], "texture": "#0"},
				"south": {"uv": [0, 0, 0.89453, 0.70313], "texture": "#0"},
				"west": {"uv": [4, 13, 12, 16], "texture": "#0"},
				"up": {"uv": [3, 9, 13, 11], "texture": "#0"},
				"down": {"uv": [0, 0, 0.89453, 6.15234], "texture": "#0"}
			}
		},
		{
			"from": [7.5964, 9.27984, 10.40851],
			"to": [8.01376, 9.62003, 10.65303],
			"rotation": {"angle": 0, "axis": "x", "origin": [7.80508, 7.69773, 8.32765]},
			"faces": {
				"north": {"uv": [0, 0, 0.89453, 0.70313], "rotation": 180, "texture": "#0"},
				"east": {"uv": [0, 0, 0.70313, 6.15234], "rotation": 270, "texture": "#0"},
				"south": {"uv": [0, 0, 0.89453, 0.70313], "texture": "#0"},
				"west": {"uv": [0, 0, 0.70313, 6.15234], "rotation": 90, "texture": "#0"},
				"up": {"uv": [0, 0, 0.89453, 6.15234], "rotation": 180, "texture": "#0"},
				"down": {"uv": [0, 0, 0.89453, 6.15234], "texture": "#0"}
			}
		},
		{
			"from": [7.76334, 9.27984, 5.31462],
			"to": [7.84681, 9.68686, 5.68368],
			"rotation": {"angle": 0, "axis": "x", "origin": [7.80508, 7.69773, 8.32765]},
			"faces": {
				"north": {"uv": [0, 0, 0.89453, 0.70313], "rotation": 180, "texture": "#0"},
				"east": {"uv": [0, 0, 0.70313, 6.15234], "rotation": 270, "texture": "#0"},
				"south": {"uv": [0, 0, 0.89453, 0.70313], "texture": "#0"},
				"west": {"uv": [0, 0, 0.70313, 6.15234], "rotation": 90, "texture": "#0"},
				"up": {"uv": [0, 0, 0.89453, 6.15234], "rotation": 180, "texture": "#0"},
				"down": {"uv": [0, 0, 0.89453, 6.15234], "texture": "#0"}
			}
		},
		{
			"from": [7.5964, 9.62003, 10.40851],
			"to": [7.74494, 9.69901, 10.65303],
			"rotation": {"angle": 0, "axis": "x", "origin": [7.80508, 7.69773, 8.32765]},
			"faces": {
				"north": {"uv": [0, 0, 0.89453, 0.70313], "rotation": 180, "texture": "#0"},
				"east": {"uv": [0, 0, 0.70313, 6.15234], "rotation": 270, "texture": "#0"},
				"south": {"uv": [0, 0, 0.89453, 0.70313], "texture": "#0"},
				"west": {"uv": [0, 0, 0.70313, 6.15234], "rotation": 90, "texture": "#0"},
				"up": {"uv": [0, 0, 0.89453, 6.15234], "rotation": 180, "texture": "#0"},
				"down": {"uv": [0, 0, 0.89453, 6.15234], "texture": "#0"}
			}
		},
		{
			"from": [7.86522, 9.62003, 10.40851],
			"to": [8.01376, 9.69901, 10.65303],
			"rotation": {"angle": 0, "axis": "x", "origin": [7.80508, 7.69773, 8.32765]},
			"faces": {
				"north": {"uv": [0, 0, 0.89453, 0.70313], "rotation": 180, "texture": "#0"},
				"east": {"uv": [0, 0, 0.70313, 6.15234], "rotation": 270, "texture": "#0"},
				"south": {"uv": [0, 0, 0.89453, 0.70313], "texture": "#0"},
				"west": {"uv": [0, 0, 0.70313, 6.15234], "rotation": 90, "texture": "#0"},
				"up": {"uv": [0, 0, 0.89453, 6.15234], "rotation": 180, "texture": "#0"},
				"down": {"uv": [0, 0, 0.89453, 6.15234], "texture": "#0"}
			}
		},
		{
			"from": [7.46222, 9.27984, 8.39009],
			"to": [8.14794, 9.415, 10.80946],
			"rotation": {"angle": 0, "axis": "x", "origin": [7.80508, 7.69773, 8.32765]},
			"faces": {
				"north": {"uv": [0, 0, 0.89453, 0.70313], "rotation": 180, "texture": "#0"},
				"east": {"uv": [4, 13, 12, 16], "texture": "#0"},
				"south": {"uv": [0, 0, 0.89453, 0.70313], "texture": "#0"},
				"west": {"uv": [4, 13, 12, 16], "texture": "#0"},
				"up": {"uv": [0, 0, 16, 6.15234], "texture": "#0"},
				"down": {"uv": [0, 0, 0.89453, 6.15234], "texture": "#0"}
			}
		},
		{
			"from": [7.46222, 8.20265, 11.23036],
			"to": [8.14794, 8.35604, 11.282],
			"rotation": {"angle": -22.5, "axis": "x", "origin": [7.80508, 7.69773, 8.38385]},
			"faces": {
				"north": {"uv": [0, 0, 0.89453, 0.70313], "rotation": 180, "texture": "#0"},
				"east": {"uv": [0, 0, 0.70313, 6.15234], "rotation": 270, "texture": "#0"},
				"south": {"uv": [5, 8, 11, 9], "texture": "#0"},
				"west": {"uv": [0, 0, 0.70313, 6.15234], "rotation": 90, "texture": "#0"},
				"up": {"uv": [0, 0, 0.89453, 6.15234], "rotation": 180, "texture": "#0"},
				"down": {"uv": [0, 0, 0.89453, 6.15234], "texture": "#0"}
			}
		},
		{
			"from": [7.46222, 9.26617, 5.05795],
			"to": [8.14794, 9.415, 7.52289],
			"rotation": {"angle": 0, "axis": "x", "origin": [7.80508, 7.69773, 8.32765]},
			"faces": {
				"north": {"uv": [4, 14, 12, 16], "texture": "#0"},
				"east": {"uv": [4, 13, 12, 16], "texture": "#0"},
				"south": {"uv": [0, 0, 0.89453, 0.70313], "texture": "#0"},
				"west": {"uv": [4, 13, 12, 16], "texture": "#0"},
				"up": {"uv": [0, 0, 16, 2.15234], "texture": "#0"},
				"down": {"uv": [0, 0, 0.89453, 6.15234], "texture": "#0"}
			}
		},
		{
			"from": [7.46222, 9.27984, 7.52136],
			"to": [7.58752, 9.415, 8.39009],
			"rotation": {"angle": 0, "axis": "x", "origin": [4.94337, 7.61002, 8.72329]},
			"faces": {
				"north": {"uv": [0, 0, 0.89453, 0.70313], "rotation": 180, "texture": "#0"},
				"east": {"uv": [4, 13, 12, 16], "texture": "#0"},
				"south": {"uv": [0, 0, 0.89453, 0.70313], "texture": "#0"},
				"west": {"uv": [4, 13, 12, 16], "texture": "#0"},
				"up": {"uv": [0, 0, 2, 6.15234], "texture": "#0"},
				"down": {"uv": [0, 0, 0.89453, 6.15234], "texture": "#0"}
			}
		},
		{
			"from": [7.54423, 8.1815, 11.16326],
			"to": [8.06593, 8.48373, 11.27869],
			"rotation": {"angle": -22.5, "axis": "x", "origin": [7.80508, 7.69773, 8.32765]},
			"faces": {
				"north": {"uv": [0, 0, 0.89453, 0.70313], "rotation": 180, "texture": "#0"},
				"east": {"uv": [0, 0, 0.70313, 6.15234], "rotation": 270, "texture": "#0"},
				"south": {"uv": [5, 8, 11, 10], "texture": "#0"},
				"west": {"uv": [0, 0, 0.70313, 6.15234], "rotation": 90, "texture": "#0"},
				"up": {"uv": [0, 0, 0.89453, 6.15234], "rotation": 180, "texture": "#0"},
				"down": {"uv": [0, 0, 0.89453, 6.15234], "texture": "#0"}
			}
		},
		{
			"from": [7.39616, 8.69815, 5.0701],
			"to": [8.214, 8.98368, 10.99779],
			"rotation": {"angle": 0, "axis": "x", "origin": [7.80508, 7.69773, 8.32765]},
			"faces": {
				"north": {"uv": [4, 14, 12, 16], "texture": "#0"},
				"east": {"uv": [4, 14, 12, 16], "texture": "#0"},
				"south": {"uv": [0, 0, 1, 0.73438], "texture": "#0"},
				"west": {"uv": [4, 14, 12, 16], "texture": "#0"},
				"up": {"uv": [0, 0, 1, 14.35938], "rotation": 180, "texture": "#0"},
				"down": {"uv": [0, 0, 1, 14.35938], "texture": "#0"}
			}
		},
		{
			"from": [7.39616, 8.69815, 10.99779],
			"to": [8.214, 8.74979, 11.09651],
			"rotation": {"angle": 0, "axis": "x", "origin": [7.80508, 7.69773, 8.29728]},
			"faces": {
				"north": {"uv": [0, 0, 1, 0.73438], "rotation": 180, "texture": "#0"},
				"east": {"uv": [0, 0, 0.73438, 14.35938], "rotation": 270, "texture": "#0"},
				"south": {"uv": [5, 0, 11, 2], "texture": "#0"},
				"west": {"uv": [0, 0, 0.73438, 14.35938], "rotation": 90, "texture": "#0"},
				"up": {"uv": [0, 0, 1, 14.35938], "rotation": 180, "texture": "#0"},
				"down": {"uv": [0, 0, 1, 14.35938], "texture": "#0"}
			}
		},
		{
			"from": [7.39616, 7.60329, 11.16709],
			"to": [8.214, 8.18497, 11.28859],
			"rotation": {"angle": -22.5, "axis": "x", "origin": [7.80508, 7.69773, 8.32765]},
			"faces": {
				"north": {"uv": [0, 0, 1, 0.73438], "rotation": 180, "texture": "#0"},
				"east": {"uv": [0, 0, 0.73438, 14.35938], "rotation": 270, "texture": "#0"},
				"south": {"uv": [5, 8, 11, 10], "texture": "#0"},
				"west": {"uv": [0, 0, 0.73438, 14.35938], "rotation": 90, "texture": "#0"},
				"up": {"uv": [0, 0, 1, 14.35938], "rotation": 180, "texture": "#0"},
				"down": {"uv": [0, 0, 1, 14.35938], "texture": "#0"}
			}
		},
		{
			"from": [7.66277, 8.70168, 10.84004],
			"to": [7.94739, 9.28033, 11.08456],
			"rotation": {"angle": 0, "axis": "x", "origin": [7.80508, 7.69773, 8.32765]},
			"faces": {
				"north": {"uv": [0, 0, 1, 0.73438], "rotation": 180, "texture": "#0"},
				"east": {"uv": [0, 0, 0.73438, 14.35938], "rotation": 270, "texture": "#0"},
				"south": {"uv": [0, 0, 1, 0.73438], "texture": "#0"},
				"west": {"uv": [0, 0, 0.73438, 14.35938], "rotation": 90, "texture": "#0"},
				"up": {"uv": [0, 0, 1, 14.35938], "rotation": 180, "texture": "#0"},
				"down": {"uv": [0, 0, 1, 14.35938], "texture": "#0"}
			}
		},
		{
			"from": [7.43049, 8.33973, 5.0701],
			"to": [8.16286, 8.69815, 11.09651],
			"rotation": {"angle": 0, "axis": "x", "origin": [7.80508, 7.69773, 8.32765]},
			"faces": {
				"north": {"uv": [4, 14, 12, 16], "texture": "#0"},
				"east": {"uv": [4, 14, 12, 16], "texture": "#0"},
				"south": {"uv": [5, 0, 11, 2], "texture": "#0"},
				"west": {"uv": [4, 14, 12, 16], "texture": "#0"},
				"up": {"uv": [0, 0, 1, 14.35938], "rotation": 180, "texture": "#0"},
				"down": {"uv": [0, 0, 1, 14.35938], "texture": "#0"}
			}
		},
		{
			"from": [7.3929, 8.35339, 8.01192],
			"to": [7.45246, 8.59943, 9.54586],
			"rotation": {"angle": 0, "axis": "x", "origin": [7.80508, 7.61002, 8.72329]},
			"faces": {
				"north": {"uv": [0, 0, 1, 0.73438], "rotation": 180, "texture": "#0"},
				"east": {"uv": [0, 0, 0.73438, 14.35938], "rotation": 270, "texture": "#0"},
				"south": {"uv": [0, 0, 1, 0.73438], "texture": "#0"},
				"west": {"uv": [0, 14, 5, 16], "texture": "#0"},
				"up": {"uv": [0, 0, 1, 14.35938], "rotation": 180, "texture": "#0"},
				"down": {"uv": [0, 0, 1, 14.35938], "texture": "#0"}
			}
		},
		{
			"from": [7.31868, 8.4198, 9.01583],
			"to": [7.45246, 8.53303, 9.52242],
			"rotation": {"angle": 0, "axis": "x", "origin": [7.80508, 7.61002, 8.72329]},
			"faces": {
				"north": {"uv": [0, 0, 1, 0.73438], "rotation": 180, "texture": "#0"},
				"east": {"uv": [0, 0, 0.73438, 14.35938], "rotation": 270, "texture": "#0"},
				"south": {"uv": [0, 0, 1, 0.73438], "texture": "#0"},
				"west": {"uv": [0, 14, 5, 16], "texture": "#0"},
				"up": {"uv": [0, 0, 1, 14.35938], "rotation": 180, "texture": "#0"},
				"down": {"uv": [0, 0, 1, 14.35938], "texture": "#0"}
			}
		}
	],
	"gui_light": "front",
	"display": {
		"thirdperson_righthand": {
			"translation": [0, -0.25, -1]
		},
		"thirdperson_lefthand": {
			"translation": [0, -0.25, -1]
		},
		"firstperson_righthand": {
			"rotation": [9.52, 5, -19.63],
			"translation": [-6, 15.5, 4.25],
			"scale": [1, 1, 0.7]
		},
		"firstperson_lefthand": {
			"translation": [-6.75, 5.5, 4.75],
			"scale": [1, 1, 0.7]
		},
		"ground": {
			"translation": [0, 0, -1.5]
		},
		"gui": {
			"rotation": [-90, 135, 90],
			"translation": [-0.5, 0.75, 0],
			"scale": [1.72, 1.72, 1.72]
		},
		"fixed": {
			"rotation": [-90, -135, -90],
			"translation": [1, 0.5, -0.5],
			"scale": [1.5, 1.5, 1.5]
		}
	},
	"groups": [
		{
			"name": "group",
			"origin": [8, 8, 8],
			"color": 0,
			"nbt": "{}",
			"armAnimationEnabled": false,
			"children": [0, 1, 2, 3, 4, 5, 6, 7, 8, 9, 10, 11, 12, 13, 14, 15, 16, 17, 18, 19, 20, 21, 22, 23, 24, 25, 26, 27, 28, 29, 30, 31, 32, 33, 34, 35, 36, 37, 38, 39, 40, 41, 42, 43, 44, 45, 46, 47, 48, 49, 50, 51]
		}
	]
}