{
	"credit": "Made with Blockbench",
	"textures": {
		"0": "hd_guns:block/brown_concrete_powder",
		"1": "hd_guns:block/anvil",
		"2": "hd_guns:block/white_concrete_powder",
		"particle": "hd_guns:block/brown_concrete_powder"
	},
	"elements": [
		{
			"from": [7.58755, 6.6881, 10.96631],
			"to": [8.30825, 7.3385, 12.36553],
			"rotation": {"angle": 0, "axis": "y", "origin": [8, 8, 8]},
			"faces": {
				"north": {"uv": [2, 0, 7.55469, 2.72266], "texture": "#0"},
				"east": {"uv": [2, 0, 7.55469, 2.72266], "texture": "#0"},
				"south": {"uv": [2, 0, 7.55469, 2.72266], "texture": "#0"},
				"west": {"uv": [2, 0, 7.55469, 2.72266], "texture": "#0"},
				"down": {"uv": [2, 0, 7.55469, 2.72266], "texture": "#0"}
			}
		},
		{
			"from": [7.58763, 8.4019, 12.27354],
			"to": [8.30817, 9.17885, 12.52314],
			"rotation": {"angle": 22.5, "axis": "x", "origin": [8, 8, 8]},
			"faces": {
				"east": {"uv": [2, 0, 6.27734, 2.86328], "texture": "#0"},
				"south": {"uv": [2, 0, 6.27734, 2.86328], "texture": "#0"},
				"west": {"uv": [2, 0, 6.27734, 2.86328], "texture": "#0"}
			}
		},
		{
			"from": [7.53507, 4.98698, 7.96435],
			"to": [8.34696, 6.99088, 9.57099],
			"rotation": {"angle": 22.5, "axis": "x", "origin": [8, 8, 8]},
			"faces": {
				"north": {"uv": [6, 0, 11.78516, 9.05078], "texture": "#1"},
				"east": {"uv": [0, 0, 9.78516, 5.05078], "texture": "#1"},
				"south": {"uv": [4, 6.42187, 11.78516, 15.47265], "texture": "#1"},
				"west": {"uv": [10.12891, 0, 16, 3.98828], "texture": "#1"},
				"up": {"uv": [0, 0, 7.78516, 9.05078], "texture": "#1"},
				"down": {"uv": [0, 0, 7.78516, 9.05078], "texture": "#1"}
			}
		},
		{
			"from": [7.53501, 6.46651, 7.38124],
			"to": [8.34711, 7.51065, 9.06523],
			"rotation": {"angle": 0, "axis": "x", "origin": [8, 8, 8]},
			"faces": {
				"north": {"uv": [6, 0, 11.87109, 7.98828], "texture": "#1"},
				"east": {"uv": [0, 0, 9.87109, 3.98828], "texture": "#1"},
				"south": {"uv": [0, 0, 7.87109, 7.98828], "texture": "#1"},
				"west": {"uv": [10.12891, 0, 16, 3.98828], "texture": "#1"},
				"down": {"uv": [0, 0, 7.87109, 7.98828], "texture": "#1"}
			}
		},
		{
			"from": [7.53501, 3.40229, 8.99776],
			"to": [8.34711, 5.81752, 10.60444],
			"rotation": {"angle": 45, "axis": "x", "origin": [8, 8, 8]},
			"faces": {
				"north": {"uv": [6, 0, 11.67578, 9.57813], "texture": "#1"},
				"east": {"uv": [0, 0, 9.67578, 5.57813], "texture": "#1"},
				"south": {"uv": [4, 6.42187, 11.67578, 16], "texture": "#1"},
				"west": {"uv": [10.12891, 0, 16, 3.98828], "texture": "#1"},
				"up": {"uv": [0, 0, 7.67578, 9.57813], "texture": "#1"},
				"down": {"uv": [4, 9.42187, 11.67578, 16], "texture": "#1"}
			}
		},
		{
			"from": [7.71958, 6.57209, 10.90303],
			"to": [8.16254, 7.3385, 10.96631],
			"rotation": {"angle": 0, "axis": "y", "origin": [8, 8, 8]},
			"faces": {
				"north": {"uv": [0, 0, 1, 0.85156], "texture": "#1"},
				"east": {"uv": [0, 0, 0.07031, 0.85156], "texture": "#1"},
				"south": {"uv": [0, 0, 1, 0.85156], "texture": "#1"},
				"west": {"uv": [0, 0, 0.07031, 0.85156], "texture": "#1"},
				"down": {"uv": [0, 0, 1, 0.07031], "texture": "#1"}
			}
		},
		{
			"from": [7.86899, 7.76827, 10.6407],
			"to": [8.01313, 8.46592, 10.75867],
			"rotation": {"angle": 22.5, "axis": "x", "origin": [8, 8, 8]},
			"faces": {
				"north": {"uv": [0, 0, 1, 0.85156], "texture": "#1"},
				"east": {"uv": [0, 0, 0.07031, 0.85156], "texture": "#1"},
				"south": {"uv": [0, 0, 1, 0.85156], "texture": "#1"},
				"west": {"uv": [0, 0, 0.07031, 0.85156], "texture": "#1"},
				"down": {"uv": [0, 0, 1, 0.07031], "texture": "#1"}
			}
		},
		{
			"from": [7.71958, 6.50705, 9.75517],
			"to": [8.16254, 6.57033, 10.80987],
			"rotation": {"angle": 0, "axis": "x", "origin": [8, 8, 8]},
			"faces": {
				"north": {"uv": [0, 0, 1, 0.07031], "rotation": 180, "texture": "#1"},
				"east": {"uv": [0, 0, 0.07031, 1.17188], "rotation": 90, "texture": "#1"},
				"west": {"uv": [0, 0, 0.07031, 1.17188], "rotation": 270, "texture": "#1"},
				"up": {"uv": [0, 0, 1, 1.17188], "texture": "#1"},
				"down": {"uv": [0, 0, 1, 1.17188], "rotation": 180, "texture": "#1"}
			}
		},
		{
			"from": [7.71958, 5.54541, 10.02465],
			"to": [8.16254, 5.60869, 10.18989],
			"rotation": {"angle": -22.5, "axis": "x", "origin": [8, 8, 8]},
			"faces": {
				"east": {"uv": [0, 0, 0.07031, 0.18359], "rotation": 90, "texture": "#1"},
				"south": {"uv": [0, 0, 1, 0.07031], "texture": "#1"},
				"west": {"uv": [0, 0, 0.07031, 0.18359], "rotation": 270, "texture": "#1"},
				"up": {"uv": [0, 0, 1, 0.18359], "texture": "#1"},
				"down": {"uv": [0, 0, 1, 0.18359], "rotation": 180, "texture": "#1"}
			}
		},
		{
			"from": [7.71958, 7.29333, 10.03949],
			"to": [8.16254, 7.35661, 10.19418],
			"rotation": {"angle": 22.5, "axis": "x", "origin": [8, 8, 8]},
			"faces": {
				"north": {"uv": [0, 0, 1, 0.07031], "rotation": 180, "texture": "#1"},
				"east": {"uv": [0, 0, 0.07031, 0.17188], "rotation": 90, "texture": "#1"},
				"west": {"uv": [0, 0, 0.07031, 0.17188], "rotation": 270, "texture": "#1"},
				"up": {"uv": [0, 0, 1, 0.17188], "texture": "#1"},
				"down": {"uv": [0, 0, 1, 0.17188], "rotation": 180, "texture": "#1"}
			}
		},
		{
			"from": [7.71958, 6.56858, 9.61279],
			"to": [8.16254, 7.3385, 9.67607],
			"rotation": {"angle": 0, "axis": "y", "origin": [8, 8, 8]},
			"faces": {
				"north": {"uv": [0, 0, 1, 0.85547], "texture": "#1"},
				"east": {"uv": [0, 0, 0.07031, 0.85547], "texture": "#1"},
				"south": {"uv": [0, 0, 1, 0.85547], "texture": "#1"},
				"west": {"uv": [0, 0, 0.07031, 0.85547], "texture": "#1"},
				"down": {"uv": [0, 0, 1, 0.07031], "texture": "#1"}
			}
		},
		{
			"from": [7.702, 6.4174, 9.26124],
			"to": [8.18012, 6.76194, 9.40537],
			"rotation": {"angle": 0, "axis": "y", "origin": [8, 8, 8]},
			"faces": {
				"north": {"uv": [0, 0, 1, 0.38281], "texture": "#1"},
				"east": {"uv": [0, 0, 0.16016, 0.38281], "texture": "#1"},
				"south": {"uv": [0, 0, 1, 0.38281], "texture": "#1"},
				"west": {"uv": [0, 0, 0.16016, 0.38281], "texture": "#1"},
				"down": {"uv": [0, 0, 1, 0.16016], "texture": "#1"}
			}
		},
		{
			"from": [7.63872, 6.75139, 9.12061],
			"to": [8.2434, 7.3385, 9.61279],
			"rotation": {"angle": 0, "axis": "y", "origin": [8, 8, 8]},
			"faces": {
				"north": {"uv": [0, 0, 1, 0.65234], "texture": "#1"},
				"east": {"uv": [0, 0, 0.61328, 0.65234], "texture": "#1"},
				"south": {"uv": [0, 0, 1, 0.65234], "texture": "#1"},
				"west": {"uv": [0, 0, 0.61328, 0.65234], "texture": "#1"},
				"down": {"uv": [0, 0, 1, 0.61328], "texture": "#1"}
			}
		},
		{
			"from": [7.49106, 7.3385, 9.01865],
			"to": [8.39106, 8.31935, 12.8542],
			"rotation": {"angle": 0, "axis": "y", "origin": [8, 8, 8]},
			"faces": {
				"north": {"uv": [0, 6, 16, 12.08984], "texture": "#1"},
				"east": {"uv": [0, 9.91016, 16, 16], "texture": "#1"},
				"south": {"uv": [4, 0, 13, 7.08984], "texture": "#1"},
				"west": {"uv": [0, 10.91016, 16, 16], "texture": "#1"},
				"up": {"uv": [4, 0, 13, 7.08984], "texture": "#1"},
				"down": {"uv": [0, 6, 16, 12.08984], "texture": "#1"}
			}
		},
		{
			"from": [7.49106, 7.50725, 6.04444],
			"to": [8.39106, 8.31935, 9.01865],
			"rotation": {"angle": 0, "axis": "y", "origin": [8, 8, 8]},
			"faces": {
				"north": {"uv": [0, 6, 16, 12.08984], "texture": "#1"},
				"east": {"uv": [0, 9.91016, 16, 16], "texture": "#1"},
				"west": {"uv": [0, 10.91016, 16, 16], "texture": "#1"},
				"up": {"uv": [4, 0, 13, 7.08984], "texture": "#1"},
				"down": {"uv": [0, 6, 16, 12.08984], "texture": "#1"}
			}
		},
		{
			"from": [7.4854, 8.80451, 2.08233],
			"to": [8.3854, 9.44435, 4.69444],
			"rotation": {"angle": 0, "axis": "y", "origin": [8, 8, 8]},
			"faces": {
				"north": {"uv": [5, 9, 10, 12], "texture": "#0"},
				"east": {"uv": [0, 11, 5, 14], "texture": "#0"},
				"south": {"uv": [5, 9, 10, 12], "texture": "#0"},
				"west": {"uv": [7, 9, 12, 12], "texture": "#0"},
				"up": {"uv": [5, 9, 10, 12], "texture": "#0"},
				"down": {"uv": [5, 9, 10, 12], "texture": "#0"}
			}
		},
		{
			"from": [7.52446, 8.66389, 4.44131],
			"to": [8.35766, 8.81154, 4.69444],
			"rotation": {"angle": 0, "axis": "y", "origin": [8, 8, 8]},
			"faces": {
				"north": {"uv": [5, 9, 9.53906, 6.08984], "texture": "#0"},
				"east": {"uv": [2, 11, 6.53906, 8.08984], "texture": "#0"},
				"south": {"uv": [5, 9, 9.53906, 6.08984], "texture": "#0"},
				"west": {"uv": [5, 9, 9.53906, 6.08984], "texture": "#0"}
			}
		},
		{
			"from": [7.52446, 8.66389, 3.22842],
			"to": [8.35766, 8.81154, 3.78389],
			"rotation": {"angle": 0, "axis": "y", "origin": [8, 8, 8]},
			"faces": {
				"north": {"uv": [5, 9, 9.53906, 6.08984], "texture": "#0"},
				"east": {"uv": [2, 11, 6.53906, 8.08984], "texture": "#0"},
				"south": {"uv": [5, 9, 9.53906, 6.08984], "texture": "#0"},
				"west": {"uv": [5, 9, 9.53906, 6.08984], "texture": "#0"}
			}
		},
		{
			"from": [7.52446, 8.65686, 2.08233],
			"to": [8.35766, 8.80451, 2.6378],
			"rotation": {"angle": 0, "axis": "y", "origin": [8, 8, 8]},
			"faces": {
				"north": {"uv": [5, 9, 9.53906, 6.08984], "texture": "#0"},
				"east": {"uv": [2, 11, 6.53906, 8.08984], "texture": "#0"},
				"south": {"uv": [5, 9, 9.53906, 6.08984], "texture": "#0"},
				"west": {"uv": [5, 9, 9.53906, 6.08984], "texture": "#0"}
			}
		},
		{
			"from": [7.4854, 7.71819, 2.08233],
			"to": [8.3854, 8.69905, 5.86514],
			"rotation": {"angle": 0, "axis": "y", "origin": [8, 8, 8]},
			"faces": {
				"north": {"uv": [0, 11, 4.53906, 14.08984], "texture": "#0"},
				"east": {"uv": [0, 11, 4.53906, 14.08984], "texture": "#0"},
				"south": {"uv": [0, 11, 4.53906, 14.08984], "texture": "#0"},
				"west": {"uv": [1, 11, 5.53906, 14.08984], "texture": "#0"},
				"up": {"uv": [0, 11, 4.53906, 14.08984], "texture": "#0"},
				"down": {"uv": [0, 11, 4.53906, 14.08984], "texture": "#0"}
			}
		},
		{
			"from": [7.48557, 6.54504, 5.23981],
			"to": [8.38521, 6.8966, 5.97458],
			"rotation": {"angle": 22.5, "axis": "x", "origin": [8, 8, 8]},
			"faces": {
				"north": {"uv": [5, 9, 9.53906, 6.08984], "texture": "#0"},
				"east": {"uv": [2, 11, 6.53906, 8.08984], "texture": "#0"},
				"west": {"uv": [5, 9, 9.53906, 6.08984], "texture": "#0"},
				"down": {"uv": [5, 9, 9.53906, 6.08984], "texture": "#0"}
			}
		},
		{
			"from": [7.48548, 7.43034, 5.5676],
			"to": [8.3853, 7.78542, 5.71174],
			"rotation": {"angle": 0, "axis": "x", "origin": [8, 8, 8]},
			"faces": {
				"north": {"uv": [5, 9, 9.53906, 6.08984], "texture": "#0"},
				"east": {"uv": [2, 11, 6.53906, 8.08984], "texture": "#0"},
				"south": {"uv": [5, 9, 9.53906, 6.08984], "texture": "#0"},
				"west": {"uv": [5, 9, 9.53906, 6.08984], "texture": "#0"},
				"down": {"uv": [5, 9, 9.53906, 6.08984], "texture": "#0"}
			}
		},
		{
			"from": [7.48557, 8.34874, 5.66847],
			"to": [8.38521, 8.68624, 5.83018],
			"rotation": {"angle": -22.5, "axis": "x", "origin": [8, 8, 8]},
			"faces": {
				"north": {"uv": [5, 9, 9.53906, 6.08984], "texture": "#0"},
				"east": {"uv": [2, 11, 6.53906, 8.08984], "texture": "#0"},
				"west": {"uv": [5, 9, 9.53906, 6.08984], "texture": "#0"},
				"down": {"uv": [5, 9, 9.53906, 6.08984], "texture": "#0"}
			}
		},
		{
			"from": [7.48548, 7.48968, 5.76319],
			"to": [8.3853, 7.71819, 5.86514],
			"rotation": {"angle": 0, "axis": "x", "origin": [8, 8, 8]},
			"faces": {
				"north": {"uv": [5, 9, 9.53906, 6.08984], "texture": "#0"},
				"east": {"uv": [2, 11, 6.53906, 8.08984], "texture": "#0"},
				"south": {"uv": [5, 9, 9.53906, 6.08984], "texture": "#0"},
				"west": {"uv": [5, 9, 9.53906, 6.08984], "texture": "#0"},
				"down": {"uv": [5, 9, 9.53906, 6.08984], "texture": "#0"}
			}
		},
		{
			"from": [7.54205, 7.53538, 5.86514],
			"to": [8.34008, 8.69905, 6.07959],
			"rotation": {"angle": 0, "axis": "y", "origin": [8, 8, 8]},
			"faces": {
				"east": {"uv": [0, 6, 16, 12.08984], "texture": "#1"},
				"west": {"uv": [0, 6, 16, 12.08984], "texture": "#1"},
				"down": {"uv": [0, 6, 16, 12.08984], "texture": "#1"}
			}
		},
		{
			"from": [7.57895, 8.69905, 4.68037],
			"to": [8.30318, 9.42326, 4.89483],
			"rotation": {"angle": 0, "axis": "y", "origin": [8, 8, 8]},
			"faces": {
				"east": {"uv": [0, 6, 16, 12.08984], "texture": "#1"},
				"west": {"uv": [0, 6, 16, 12.08984], "texture": "#1"},
				"up": {"uv": [4, 0, 13, 7.08984], "texture": "#1"}
			}
		},
		{
			"from": [7.6229, 7.79201, 1.89248],
			"to": [8.25922, 9.35646, 2.08936],
			"rotation": {"angle": 0, "axis": "y", "origin": [8, 8, 8]},
			"faces": {
				"north": {"uv": [0, 0, 1, 1.08984], "texture": "#1"},
				"east": {"uv": [0, 0, 7.53906, 1.08984], "texture": "#1"},
				"west": {"uv": [0, 0, 7.53906, 1.08984], "texture": "#1"},
				"up": {"uv": [0, 0, 1, 7.53906], "texture": "#1"},
				"down": {"uv": [0, 0, 1, 7.53906], "texture": "#1"}
			}
		},
		{
			"from": [7.72308, 8.76584, -0.12548],
			"to": [8.15904, 9.20178, 1.92061],
			"rotation": {"angle": 0, "axis": "y", "origin": [8, 8, 8]},
			"faces": {
				"north": {"uv": [0, 0, 16, 10.08984], "texture": "#1", "cullface": "north"},
				"east": {"uv": [0, 0, 9, 10.08984], "texture": "#1"},
				"west": {"uv": [6, 0, 16, 10.08984], "texture": "#1"},
				"up": {"uv": [0, 0, 16, 10.08984], "texture": "#1"},
				"down": {"uv": [0, 0, 16, 10.08984], "texture": "#1"}
			}
		},
		{
			"from": [7.78286, 8.41428, -0.34697],
			"to": [8.09926, 8.80803, 0.06084],
			"rotation": {"angle": 0, "axis": "y", "origin": [8, 8, 8]},
			"faces": {
				"east": {"uv": [0, 0, 9, 10.08984], "texture": "#1"},
				"south": {"uv": [0, 0, 16, 10.08984], "texture": "#1"},
				"west": {"uv": [6, 0, 16, 10.08984], "texture": "#1"}
			}
		},
		{
			"from": [7.78286, 2.09873, 1.40463],
			"to": [8.09926, 3.1042, 1.81244],
			"rotation": {"angle": 45, "axis": "x", "origin": [8, 8, 8]},
			"faces": {
				"north": {"uv": [0, 0, 16, 10.08984], "texture": "#1", "cullface": "north"},
				"east": {"uv": [0, 0, 9, 10.08984], "texture": "#1"},
				"west": {"uv": [6, 0, 16, 10.08984], "texture": "#1"}
			}
		},
		{
			"from": [7.72308, 8.04866, -3.729],
			"to": [8.15904, 8.48459, 1.92061],
			"rotation": {"angle": 0, "axis": "y", "origin": [8, 8, 8]},
			"faces": {
				"north": {"uv": [0, 0, 16, 10.08984], "texture": "#1", "cullface": "north"},
				"east": {"uv": [0, 0, 9, 10.08984], "texture": "#1"},
				"west": {"uv": [6, 0, 16, 10.08984], "texture": "#1"},
				"up": {"uv": [0, 0, 16, 10.08984], "texture": "#1"},
				"down": {"uv": [0, 0, 16, 10.08984], "texture": "#1"}
			}
		},
		{
			"from": [7.70199, 8.03459, -0.90244],
			"to": [8.18013, 8.51276, 0.15576],
			"rotation": {"angle": 0, "axis": "y", "origin": [8, 8, 8]},
			"faces": {
				"north": {"uv": [0, 0, 16, 10.08984], "texture": "#1", "cullface": "north"},
				"east": {"uv": [0, 0, 9, 10.08984], "texture": "#1"},
				"south": {"uv": [0, 0, 16, 10.08984], "texture": "#1"},
				"west": {"uv": [6, 0, 16, 10.08984], "texture": "#1"},
				"up": {"uv": [0, 0, 16, 10.08984], "texture": "#1"},
				"down": {"uv": [0, 0, 16, 10.08984], "texture": "#1"}
			}
		},
		{
			"from": [7.70199, 8.03459, -3.41259],
			"to": [8.18013, 8.51276, -2.35439],
			"rotation": {"angle": 0, "axis": "y", "origin": [8, 8, 8]},
			"faces": {
				"north": {"uv": [0, 0, 16, 10.08984], "texture": "#1", "cullface": "north"},
				"east": {"uv": [0, 0, 9, 10.08984], "texture": "#1", "cullface": "north"},
				"south": {"uv": [0, 0, 16, 10.08984], "texture": "#1", "cullface": "north"},
				"west": {"uv": [6, 0, 16, 10.08984], "texture": "#1", "cullface": "north"},
				"up": {"uv": [0, 0, 16, 10.08984], "texture": "#1", "cullface": "north"},
				"down": {"uv": [0, 0, 16, 10.08984], "texture": "#1", "cullface": "north"}
			}
		},
		{
			"from": [7.8514, 7.93967, -3.43369],
			"to": [8.03072, 8.05216, -2.78682],
			"rotation": {"angle": 0, "axis": "y", "origin": [8, 8, 8]},
			"faces": {
				"north": {"uv": [0, 0, 16, 10.08984], "texture": "#1", "cullface": "north"},
				"east": {"uv": [0, 0, 9, 10.08984], "texture": "#1", "cullface": "north"},
				"south": {"uv": [0, 0, 16, 10.08984], "texture": "#1", "cullface": "north"},
				"west": {"uv": [6, 0, 16, 10.08984], "texture": "#1", "cullface": "north"},
				"down": {"uv": [0, 0, 16, 10.08984], "texture": "#1", "cullface": "north"}
			}
		},
		{
			"from": [7.8514, 7.93967, -0.45244],
			"to": [8.03072, 8.05216, -0.0376],
			"rotation": {"angle": 0, "axis": "y", "origin": [8, 8, 8]},
			"faces": {
				"north": {"uv": [0, 0, 16, 10.08984], "texture": "#1", "cullface": "north"},
				"east": {"uv": [0, 0, 9, 10.08984], "texture": "#1", "cullface": "north"},
				"south": {"uv": [0, 0, 16, 10.08984], "texture": "#1", "cullface": "north"},
				"west": {"uv": [6, 0, 16, 10.08984], "texture": "#1", "cullface": "north"},
				"down": {"uv": [0, 0, 16, 10.08984], "texture": "#1", "cullface": "north"}
			}
		},
		{
			"from": [7.81624, 8.48459, -3.37041],
			"to": [8.06588, 8.95216, -3.17002],
			"rotation": {"angle": 0, "axis": "y", "origin": [8, 8, 8]},
			"faces": {
				"north": {"uv": [0, 0, 16, 10.08984], "texture": "#1", "cullface": "north"},
				"east": {"uv": [0, 0, 9, 10.08984], "texture": "#1", "cullface": "north"},
				"south": {"uv": [0, 0, 16, 10.08984], "texture": "#1", "cullface": "north"},
				"west": {"uv": [6, 0, 16, 10.08984], "texture": "#1", "cullface": "north"}
			}
		},
		{
			"from": [7.81624, 12.46068, -1.76014],
			"to": [8.06588, 13.07943, -1.55976],
			"rotation": {"angle": -22.5, "axis": "x", "origin": [8, 8, 8]},
			"faces": {
				"north": {"uv": [0, 0, 16, 10.08984], "texture": "#1", "cullface": "north"},
				"east": {"uv": [0, 0, 9, 10.08984], "texture": "#1", "cullface": "north"},
				"south": {"uv": [0, 0, 16, 10.08984], "texture": "#1", "cullface": "north"},
				"west": {"uv": [6, 0, 16, 10.08984], "texture": "#1", "cullface": "north"}
			}
		},
		{
			"from": [7.81624, 8.95216, -3.37041],
			"to": [8.06588, 9.37404, -2.74111],
			"rotation": {"angle": 0, "axis": "y", "origin": [8, 8, 8]},
			"faces": {
				"north": {"uv": [0, 0, 16, 10.08984], "texture": "#1", "cullface": "north"},
				"east": {"uv": [0, 0, 9, 10.08984], "texture": "#1", "cullface": "north"},
				"south": {"uv": [0, 0, 16, 10.08984], "texture": "#1", "cullface": "north"},
				"west": {"uv": [6, 0, 16, 10.08984], "texture": "#1", "cullface": "north"},
				"up": {"uv": [0, 0, 16, 10.08984], "texture": "#1", "cullface": "north"},
				"down": {"uv": [0, 0, 16, 10.08984], "texture": "#1", "cullface": "north"}
			}
		},
		{
			"from": [7.81624, 8.41779, -3.20517],
			"to": [8.06588, 8.60411, -2.74111],
			"rotation": {"angle": 0, "axis": "y", "origin": [8, 8, 8]},
			"faces": {
				"east": {"uv": [0, 0, 9, 10.08984], "texture": "#1", "cullface": "north"},
				"west": {"uv": [6, 0, 16, 10.08984], "texture": "#1", "cullface": "north"},
				"up": {"uv": [0, 0, 16, 10.08984], "texture": "#1", "cullface": "north"}
			}
		},
		{
			"from": [7.74593, 9.37404, -3.37041],
			"to": [7.80924, 9.62716, -2.74111],
			"rotation": {"angle": 0, "axis": "y", "origin": [8, 8, 8]},
			"faces": {
				"north": {"uv": [0, 0, 16, 10.08984], "texture": "#1", "cullface": "north"},
				"east": {"uv": [0, 0, 9, 10.08984], "texture": "#1", "cullface": "north"},
				"south": {"uv": [0, 0, 16, 10.08984], "texture": "#1", "cullface": "north"},
				"west": {"uv": [6, 0, 16, 10.08984], "texture": "#1", "cullface": "north"},
				"up": {"uv": [0, 0, 16, 10.08984], "texture": "#1", "cullface": "north"},
				"down": {"uv": [0, 0, 16, 10.08984], "texture": "#1", "cullface": "north"}
			}
		},
		{
			"from": [8.79484, 8.97044, -3.37041],
			"to": [8.86518, 9.14973, -2.74111],
			"rotation": {"angle": 45, "axis": "z", "origin": [8, 8, 8]},
			"faces": {
				"north": {"uv": [0, 0, 16, 10.08984], "texture": "#1", "cullface": "north"},
				"east": {"uv": [0, 0, 9, 10.08984], "texture": "#1", "cullface": "north"},
				"south": {"uv": [0, 0, 16, 10.08984], "texture": "#1", "cullface": "north"},
				"west": {"uv": [6, 0, 16, 10.08984], "texture": "#1", "cullface": "north"}
			}
		},
		{
			"from": [7.05147, 8.88709, -3.37041],
			"to": [7.1218, 9.06638, -2.74111],
			"rotation": {"angle": -45, "axis": "z", "origin": [8, 8, 8]},
			"faces": {
				"north": {"uv": [16, 0, 0, 10.08984], "texture": "#1", "cullface": "north"},
				"east": {"uv": [9, 0, 0, 10.08984], "texture": "#1", "cullface": "north"},
				"south": {"uv": [16, 0, 0, 10.08984], "texture": "#1", "cullface": "north"},
				"west": {"uv": [16, 0, 6, 10.08984], "texture": "#1", "cullface": "north"}
			}
		},
		{
			"from": [8.07288, 9.37404, -3.37041],
			"to": [8.13619, 9.62716, -2.74111],
			"rotation": {"angle": 0, "axis": "y", "origin": [8, 8, 8]},
			"faces": {
				"north": {"uv": [0, 0, 16, 10.08984], "texture": "#1", "cullface": "north"},
				"east": {"uv": [0, 0, 9, 10.08984], "texture": "#1", "cullface": "north"},
				"south": {"uv": [0, 0, 16, 10.08984], "texture": "#1", "cullface": "north"},
				"west": {"uv": [6, 0, 16, 10.08984], "texture": "#1", "cullface": "north"},
				"up": {"uv": [0, 0, 16, 10.08984], "texture": "#1", "cullface": "north"},
				"down": {"uv": [0, 0, 16, 10.08984], "texture": "#1", "cullface": "north"}
			}
		},
		{
			"from": [7.92171, 9.37404, -3.11728],
			"to": [7.96041, 9.62716, -2.97314],
			"rotation": {"angle": 0, "axis": "y", "origin": [8, 8, 8]},
			"faces": {
				"north": {"uv": [0, 0, 16, 10.08984], "texture": "#1", "cullface": "north"},
				"east": {"uv": [0, 0, 9, 10.08984], "texture": "#1", "cullface": "north"},
				"south": {"uv": [0, 0, 16, 10.08984], "texture": "#1", "cullface": "north"},
				"west": {"uv": [6, 0, 16, 10.08984], "texture": "#1", "cullface": "north"},
				"up": {"uv": [0, 0, 16, 10.08984], "texture": "#1", "cullface": "north"}
			}
		},
		{
			"from": [7.72308, 8.45647, 1.63584],
			"to": [8.15904, 8.68146, 1.92061],
			"rotation": {"angle": 0, "axis": "y", "origin": [8, 8, 8]},
			"faces": {
				"north": {"uv": [0, 0, 7.53906, 1.08984], "texture": "#1"},
				"east": {"uv": [0, 0, 1, 1.08984], "texture": "#1"},
				"west": {"uv": [6, 0, 7.53906, 1.08984], "texture": "#1"},
				"up": {"uv": [0, 0, 7.53906, 1.08984], "texture": "#1"}
			}
		},
		{
			"from": [7.88306, 7.82366, -3.43369],
			"to": [7.99907, 7.93967, 1.92061],
			"rotation": {"angle": 0, "axis": "y", "origin": [8, 8, 8]},
			"faces": {
				"north": {"uv": [0, 0, 16, 10.08984], "texture": "#1", "cullface": "north"},
				"east": {"uv": [0, 0, 9, 10.08984], "texture": "#1"},
				"west": {"uv": [6, 0, 16, 10.08984], "texture": "#1"},
				"up": {"uv": [0, 0, 16, 10.08984], "texture": "#1"},
				"down": {"uv": [0, 0, 16, 10.08984], "texture": "#1"}
			}
		},
		{
			"from": [7.60883, 7.3385, 12.8542],
			"to": [8.2733, 7.94319, 18.7253],
			"rotation": {"angle": 0, "axis": "y", "origin": [8, 8, 8]},
			"faces": {
				"east": {"uv": [6, 9, 12.08203, 10.67188], "texture": "#0"},
				"south": {"uv": [6, 9, 12.08203, 10.67188], "texture": "#0", "cullface": "south"},
				"west": {"uv": [6, 9, 12.08203, 10.67188], "texture": "#0"},
				"up": {"uv": [6, 9, 12.08203, 10.67188], "texture": "#0", "cullface": "south"},
				"down": {"uv": [6, 9, 12.08203, 10.67188], "texture": "#0"}
			}
		},
		{
			"from": [7.60883, 6.73381, 15.01006],
			"to": [8.2733, 7.3385, 18.7253],
			"rotation": {"angle": 0, "axis": "y", "origin": [8, 8, 8]},
			"faces": {
				"north": {"uv": [6, 9, 12.08203, 10.67188], "texture": "#0"},
				"east": {"uv": [6, 9, 12.08203, 10.67188], "texture": "#0"},
				"south": {"uv": [6, 9, 12.08203, 10.67188], "texture": "#0", "cullface": "south"},
				"west": {"uv": [6, 9, 12.08203, 10.67188], "texture": "#0"},
				"down": {"uv": [6, 9, 12.08203, 10.67188], "texture": "#0"}
			}
		},
		{
			"from": [7.60883, 6.12912, 16.45967],
			"to": [8.2733, 6.73381, 18.7253],
			"rotation": {"angle": 0, "axis": "y", "origin": [8, 8, 8]},
			"faces": {
				"north": {"uv": [6, 9, 12.08203, 10.67188], "texture": "#0", "cullface": "south"},
				"east": {"uv": [6, 9, 12.08203, 10.67188], "texture": "#0", "cullface": "south"},
				"south": {"uv": [6, 9, 12.08203, 10.67188], "texture": "#0", "cullface": "south"},
				"west": {"uv": [6, 9, 12.08203, 10.67188], "texture": "#0", "cullface": "south"},
				"down": {"uv": [6, 9, 12.08203, 10.67188], "texture": "#0", "cullface": "south"}
			}
		},
		{
			"from": [7.60883, 5.52442, 17.88506],
			"to": [8.2733, 6.12912, 18.7253],
			"rotation": {"angle": 0, "axis": "y", "origin": [8, 8, 8]},
			"faces": {
				"north": {"uv": [6, 9, 12.08203, 10.67188], "texture": "#0", "cullface": "south"},
				"east": {"uv": [6, 9, 12.08203, 10.67188], "texture": "#0", "cullface": "south"},
				"south": {"uv": [6, 9, 12.08203, 10.67188], "texture": "#0", "cullface": "south"},
				"west": {"uv": [6, 9, 12.08203, 10.67188], "texture": "#0", "cullface": "south"},
				"down": {"uv": [6, 9, 12.08203, 10.67188], "texture": "#0", "cullface": "south"}
			}
		},
		{
			"from": [7.61937, 5.55255, 18.6585],
			"to": [8.26275, 7.94669, 18.79561],
			"rotation": {"angle": 0, "axis": "y", "origin": [8, 8, 8]},
			"faces": {
				"east": {"uv": [0, 0, 4.08203, 0.67188], "texture": "#1", "cullface": "south"},
				"south": {"uv": [0, 0, 4.08203, 0.67188], "texture": "#1", "cullface": "south"},
				"west": {"uv": [0, 0, 4.08203, 0.67188], "texture": "#1", "cullface": "south"},
				"up": {"uv": [2, 0, 6.08203, 0.67188], "texture": "#1", "cullface": "south"},
				"down": {"uv": [0, 0, 4.08203, 0.67188], "texture": "#1", "cullface": "south"}
			}
		},
		{
			"from": [7.60896, 9.49856, 13.01446],
			"to": [8.27325, 10.08762, 18.08088],
			"rotation": {"angle": 22.5, "axis": "x", "origin": [8, 8, 8]},
			"faces": {
				"east": {"uv": [6, 9, 12.08203, 10.67188], "texture": "#0"},
				"south": {"uv": [6, 9, 12.08203, 10.67188], "texture": "#0"},
				"west": {"uv": [6, 9, 12.08203, 10.67188], "texture": "#0"},
				"down": {"uv": [6, 9, 12.08203, 10.67188], "texture": "#0"}
			}
		},
		{
			"from": [7.6087, 7.94319, 12.8542],
			"to": [8.2734, 8.24905, 17.00264],
			"rotation": {"angle": 0, "axis": "y", "origin": [8, 8, 8]},
			"faces": {
				"east": {"uv": [6, 9, 8.61328, 10.33984], "texture": "#0"},
				"south": {"uv": [6, 9, 8.61328, 10.33984], "texture": "#0", "cullface": "south"},
				"west": {"uv": [6, 9, 8.61328, 10.33984], "texture": "#0"},
				"up": {"uv": [6, 9, 8.61328, 10.33984], "texture": "#0"}
			}
		},
		{
			"from": [7.6087, 7.94319, 16.98506],
			"to": [8.2734, 8.10491, 18.31749],
			"rotation": {"angle": 0, "axis": "y", "origin": [8, 8, 8]},
			"faces": {
				"east": {"uv": [7, 12, 9.61328, 13.33984], "texture": "#0", "cullface": "south"},
				"south": {"uv": [7, 12, 9.61328, 13.33984], "texture": "#0", "cullface": "south"},
				"west": {"uv": [7, 12, 9.61328, 13.33984], "texture": "#0", "cullface": "south"},
				"up": {"uv": [7, 12, 9.61328, 13.33984], "texture": "#0", "cullface": "south"}
			}
		},
		{
			"from": [7.60883, 8.10491, 16.98506],
			"to": [8.2733, 8.18928, 17.51241],
			"rotation": {"angle": 0, "axis": "y", "origin": [8, 8, 8]},
			"faces": {
				"east": {"uv": [6, 9, 8.61328, 10.33984], "texture": "#0", "cullface": "south"},
				"south": {"uv": [6, 9, 8.61328, 10.33984], "texture": "#0", "cullface": "south"},
				"west": {"uv": [6, 9, 8.61328, 10.33984], "texture": "#0", "cullface": "south"},
				"up": {"uv": [6, 9, 8.61328, 10.33984], "texture": "#0", "cullface": "south"}
			}
		},
		{
			"from": [7.60883, 11.72776, 16.71065],
			"to": [8.2733, 11.81214, 16.9462],
			"rotation": {"angle": 22.5, "axis": "x", "origin": [8, 8, 8]},
			"faces": {
				"east": {"uv": [6, 9, 8.61328, 10.33984], "texture": "#0", "cullface": "south"},
				"west": {"uv": [6, 9, 8.61328, 10.33984], "texture": "#0", "cullface": "south"},
				"up": {"uv": [6, 9, 8.61328, 10.33984], "texture": "#0", "cullface": "south"}
			}
		},
		{
			"from": [7.60883, 11.58925, 16.22006],
			"to": [8.2733, 11.67362, 16.38179],
			"rotation": {"angle": 22.5, "axis": "x", "origin": [8, 8, 8]},
			"faces": {
				"east": {"uv": [6, 9, 8.61328, 10.33984], "texture": "#0", "cullface": "south"},
				"west": {"uv": [6, 9, 8.61328, 10.33984], "texture": "#0", "cullface": "south"},
				"up": {"uv": [6, 9, 8.61328, 10.33984], "texture": "#0", "cullface": "south"}
			}
		},
		{
			"from": [7.60896, 11.53037, 17.48836],
			"to": [8.27325, 12.04716, 17.93837],
			"rotation": {"angle": 22.5, "axis": "x", "origin": [8, 8, 8]},
			"faces": {
				"north": {"uv": [6, 9, 8.61328, 10.33984], "texture": "#0", "cullface": "south"},
				"east": {"uv": [6, 9, 8.61328, 10.33984], "texture": "#0", "cullface": "south"},
				"south": {"uv": [6, 9, 8.61328, 10.33984], "texture": "#0", "cullface": "south"},
				"west": {"uv": [6, 9, 8.61328, 10.33984], "texture": "#0", "cullface": "south"},
				"up": {"uv": [6, 9, 8.61328, 10.33984], "texture": "#0", "cullface": "south"}
			}
		},
		{
			"from": [7.6077, 8.24905, 12.8542],
			"to": [8.27226, 8.40022, 13.46241],
			"rotation": {"angle": 0, "axis": "x", "origin": [8, 8, 8]},
			"faces": {
				"north": {"uv": [6, 9, 8.61328, 10.33984], "texture": "#0"},
				"east": {"uv": [6, 9, 8.61328, 10.33984], "texture": "#0"},
				"south": {"uv": [6, 9, 8.61328, 10.33984], "texture": "#0"},
				"west": {"uv": [6, 9, 8.61328, 10.33984], "texture": "#0"},
				"up": {"uv": [6, 9, 8.61328, 10.33984], "texture": "#0"},
				"down": {"uv": [6, 9, 8.61328, 10.33984], "texture": "#0"}
			}
		},
		{
			"from": [7.60883, 10.26585, 12.89219],
			"to": [8.2733, 10.4592, 13.29298],
			"rotation": {"angle": 22.5, "axis": "x", "origin": [8, 8, 8]},
			"faces": {
				"north": {"uv": [6, 9, 8.61328, 10.33984], "texture": "#0"},
				"east": {"uv": [6, 9, 8.61328, 10.33984], "texture": "#0"},
				"west": {"uv": [6, 9, 8.61328, 10.33984], "texture": "#0"},
				"up": {"uv": [6, 9, 8.61328, 10.33984], "texture": "#0"}
			}
		},
		{
			"from": [7.60883, 5.48316, 14.25344],
			"to": [8.2733, 5.67652, 14.65423],
			"rotation": {"angle": -22.5, "axis": "x", "origin": [8, 8, 8]},
			"faces": {
				"east": {"uv": [6, 9, 8.61328, 10.33984], "texture": "#0"},
				"south": {"uv": [6, 9, 8.61328, 10.33984], "texture": "#0"},
				"west": {"uv": [6, 9, 8.61328, 10.33984], "texture": "#0"},
				"up": {"uv": [6, 9, 8.61328, 10.33984], "texture": "#0"}
			}
		},
		{
			"from": [7.60883, 8.21099, 15.03637],
			"to": [8.2733, 8.39732, 15.59537],
			"rotation": {"angle": 0, "axis": "x", "origin": [8, 8, 8]},
			"faces": {
				"east": {"uv": [6, 9, 8.61328, 10.33984], "texture": "#0"},
				"west": {"uv": [6, 9, 8.61328, 10.33984], "texture": "#0"},
				"up": {"uv": [6, 9, 8.61328, 10.33984], "texture": "#0"}
			}
		},
		{
			"from": [7.60883, 11.0876, 14.86198],
			"to": [8.2733, 11.27392, 15.05183],
			"rotation": {"angle": 22.5, "axis": "x", "origin": [8, 8, 8]},
			"faces": {
				"north": {"uv": [6, 9, 8.61328, 10.33984], "texture": "#0"},
				"east": {"uv": [6, 9, 8.61328, 10.33984], "texture": "#0"},
				"west": {"uv": [6, 9, 8.61328, 10.33984], "texture": "#0"},
				"up": {"uv": [6, 9, 8.61328, 10.33984], "texture": "#0"}
			}
		},
		{
			"from": [7.60883, 8.21099, 15.57075],
			"to": [8.2733, 8.327, 16.27388],
			"rotation": {"angle": 0, "axis": "x", "origin": [8, 8, 8]},
			"faces": {
				"east": {"uv": [6, 9, 8.61328, 10.33984], "texture": "#0"},
				"south": {"uv": [6, 9, 8.61328, 10.33984], "texture": "#0", "cullface": "south"},
				"west": {"uv": [6, 9, 8.61328, 10.33984], "texture": "#0"},
				"up": {"uv": [6, 9, 8.61328, 10.33984], "texture": "#0"}
			}
		},
		{
			"from": [7.60883, 11.39668, 15.51483],
			"to": [8.2733, 11.46699, 15.72226],
			"rotation": {"angle": 22.5, "axis": "x", "origin": [8, 8, 8]},
			"faces": {
				"north": {"uv": [6, 9, 8.61328, 10.33984], "texture": "#0", "cullface": "south"},
				"east": {"uv": [6, 9, 8.61328, 10.33984], "texture": "#0", "cullface": "south"},
				"west": {"uv": [6, 9, 8.61328, 10.33984], "texture": "#0", "cullface": "south"},
				"up": {"uv": [6, 9, 8.61328, 10.33984], "texture": "#0", "cullface": "south"},
				"down": {"uv": [6, 9, 8.61328, 10.33984], "texture": "#0", "cullface": "south"}
			}
		},
		{
			"from": [7.52446, 8.31936, 8.89209],
			"to": [8.35766, 8.88537, 12.08779],
			"rotation": {"angle": 0, "axis": "y", "origin": [8, 8, 8]},
			"faces": {
				"north": {"uv": [0, 6, 16, 11.62891], "texture": "#1"},
				"east": {"uv": [0, 10.37109, 16, 16], "texture": "#1"},
				"south": {"uv": [4, 0, 13, 7.08984], "texture": "#1"},
				"west": {"uv": [7, 11.37109, 16, 16], "texture": "#1"},
				"up": {"uv": [4, 0, 13, 6.62891], "texture": "#1"}
			}
		},
		{
			"from": [8.35415, 8.29475, 8.75498],
			"to": [8.4561, 8.61819, 10.7835],
			"rotation": {"angle": 0, "axis": "y", "origin": [8, 8, 8]},
			"faces": {
				"north": {"uv": [7, 0, 9, 1.62891], "texture": "#1"},
				"east": {"uv": [7, 0, 9, 1.62891], "texture": "#1"},
				"south": {"uv": [7, 0, 9, 1.62891], "texture": "#1"},
				"west": {"uv": [7, 0, 9, 1.62891], "texture": "#1"},
				"up": {"uv": [7, 0, 9, 1.62891], "texture": "#1"},
				"down": {"uv": [7, 0, 9, 1.62891], "texture": "#1"}
			}
		},
		{
			"from": [8.35425, 8.99718, 9.63716],
			"to": [8.45604, 9.15109, 10.93559],
			"rotation": {"angle": 22.5, "axis": "x", "origin": [8, 8, 8]},
			"faces": {
				"east": {"uv": [7, 0, 9, 1.62891], "texture": "#1"},
				"south": {"uv": [7, 0, 9, 1.62891], "texture": "#1"},
				"west": {"uv": [7, 0, 9, 1.62891], "texture": "#1"},
				"down": {"uv": [7, 0, 9, 1.62891], "texture": "#1"}
			}
		},
		{
			"from": [8.35425, 8.65384, 8.79578],
			"to": [8.45604, 8.79447, 9.12976],
			"rotation": {"angle": 22.5, "axis": "x", "origin": [8, 8, 8]},
			"faces": {
				"east": {"uv": [7, 0, 9, 1.62891], "texture": "#1"},
				"south": {"uv": [7, 0, 9, 1.62891], "texture": "#1"},
				"west": {"uv": [7, 0, 9, 1.62891], "texture": "#1"},
				"down": {"uv": [7, 0, 9, 1.62891], "texture": "#1"}
			}
		},
		{
			"from": [8.35425, 10.12139, 9.53172],
			"to": [8.45604, 10.39913, 10.09071],
			"rotation": {"angle": 45, "axis": "x", "origin": [8, 8, 8]},
			"faces": {
				"east": {"uv": [7, 0, 9, 1.62891], "texture": "#1"},
				"west": {"uv": [7, 0, 9, 1.62891], "texture": "#1"},
				"up": {"uv": [7, 0, 9, 1.62891], "texture": "#1"}
			}
		},
		{
			"from": [8.35415, 7.9414, 10.82579],
			"to": [8.4561, 8.16992, 11.08985],
			"rotation": {"angle": 0, "axis": "x", "origin": [8, 8, 8]},
			"faces": {
				"north": {"uv": [7, 0, 9, 1.62891], "texture": "#1"},
				"east": {"uv": [7, 0, 9, 1.62891], "texture": "#1"},
				"up": {"uv": [7, 0, 9, 1.62891], "texture": "#1"},
				"down": {"uv": [7, 0, 9, 1.62891], "texture": "#1"}
			}
		},
		{
			"from": [8.35415, 8.07421, 10.43517],
			"to": [8.4561, 8.30273, 10.83204],
			"rotation": {"angle": 0, "axis": "x", "origin": [8, 8, 8]},
			"faces": {
				"north": {"uv": [7, 0, 9, 1.62891], "texture": "#1"},
				"east": {"uv": [7, 0, 9, 1.62891], "texture": "#1"},
				"south": {"uv": [7, 0, 9, 1.62891], "texture": "#1"},
				"up": {"uv": [7, 0, 9, 1.62891], "texture": "#1"},
				"down": {"uv": [7, 0, 9, 1.62891], "texture": "#1"}
			}
		},
		{
			"from": [8.35415, 8.17187, 9.29064],
			"to": [8.4561, 8.29883, 10.43751],
			"rotation": {"angle": 0, "axis": "x", "origin": [8, 8, 8]},
			"faces": {
				"north": {"uv": [7, 0, 9, 1.62891], "texture": "#1"},
				"east": {"uv": [7, 0, 9, 1.62891], "texture": "#1"},
				"down": {"uv": [7, 0, 9, 1.62891], "texture": "#1"}
			}
		},
		{
			"from": [8.35415, 7.79904, 11.08584],
			"to": [8.4561, 8.26662, 11.55339],
			"rotation": {"angle": 0, "axis": "y", "origin": [8, 8, 8]},
			"faces": {
				"north": {"uv": [7, 0, 9, 1.62891], "texture": "#1"},
				"east": {"uv": [7, 0, 9, 1.62891], "texture": "#1"},
				"south": {"uv": [7, 0, 9, 1.62891], "texture": "#1"},
				"up": {"uv": [7, 0, 9, 1.62891], "texture": "#1"},
				"down": {"uv": [7, 0, 9, 1.62891], "texture": "#1"}
			}
		},
		{
			"from": [7.98852, 8.31936, 6.04795],
			"to": [8.30844, 8.88537, 8.89561],
			"rotation": {"angle": 0, "axis": "y", "origin": [8, 8, 8]},
			"faces": {
				"east": {"uv": [0, 0, 2, 3.62891], "texture": "#2"},
				"up": {"uv": [0, 1, 9, 4.62891], "texture": "#2"}
			}
		},
		{
			"from": [8.28032, 8.41779, 6.80029],
			"to": [9.02563, 8.70608, 6.96201],
			"rotation": {"angle": 0, "axis": "y", "origin": [8, 8, 8]},
			"faces": {
				"north": {"uv": [0, 0, 2, 2.08984], "texture": "#2"},
				"east": {"uv": [0, 0, 2, 2.08984], "texture": "#2"},
				"south": {"uv": [0, 0, 2, 2.08984], "texture": "#2"},
				"up": {"uv": [0, 0, 2, 2.08984], "texture": "#2"},
				"down": {"uv": [0, 0, 2, 2.08984], "texture": "#2"}
			}
		},
		{
			"from": [7.51896, 8.31936, 6.64561],
			"to": [8.01116, 8.88537, 8.90615],
			"rotation": {"angle": 0, "axis": "y", "origin": [8, 8, 8]},
			"faces": {
				"south": {"uv": [4, 0, 13, 7.08984], "texture": "#1"},
				"west": {"uv": [0, 11.37109, 11, 16], "texture": "#1"},
				"up": {"uv": [4, 0, 13, 6.62891], "texture": "#1"}
			}
		},
		{
			"from": [7.51896, 8.31936, 6.04795],
			"to": [8.35218, 8.88537, 6.64561],
			"rotation": {"angle": 0, "axis": "y", "origin": [8, 8, 8]},
			"faces": {
				"north": {"uv": [0, 6, 16, 11.62891], "texture": "#1"},
				"east": {"uv": [0, 6, 16, 11.62891], "texture": "#1"},
				"south": {"uv": [4, 0, 13, 7.08984], "texture": "#1"},
				"west": {"uv": [0, 2, 16, 7.62891], "texture": "#1"},
				"up": {"uv": [4, 0, 13, 6.62891], "texture": "#1"}
			}
		},
		{
			"from": [7.5245, 4.88573, 11.00529],
			"to": [8.3576, 5.73652, 11.51505],
			"rotation": {"angle": -45, "axis": "x", "origin": [8, 8, 8]},
			"faces": {
				"north": {"uv": [0, 6, 16, 11.62891], "texture": "#1"},
				"east": {"uv": [0, 10.37109, 16, 16], "texture": "#1"},
				"south": {"uv": [4, 0, 13, 7.08984], "texture": "#1"},
				"west": {"uv": [0, 10.37109, 16, 16], "texture": "#1"},
				"up": {"uv": [4, 0, 13, 6.62891], "texture": "#1"}
			}
		},
		{
			"from": [7.60884, 8.88537, 6.63506],
			"to": [8.27328, 9.31076, 11.94365],
			"rotation": {"angle": 0, "axis": "y", "origin": [8, 8, 8]},
			"faces": {
				"north": {"uv": [0, 6, 16, 11.3125], "texture": "#1"},
				"east": {"uv": [0, 0, 16, 5.3125], "texture": "#1"},
				"south": {"uv": [4, 0, 13, 7.08984], "texture": "#1"},
				"west": {"uv": [0, 0, 16, 5.3125], "texture": "#1"},
				"up": {"uv": [4, 0, 13, 6.3125], "texture": "#1"}
			}
		},
		{
			"from": [7.61938, 8.69905, 5.18311],
			"to": [8.26274, 9.54983, 5.79834],
			"rotation": {"angle": 0, "axis": "y", "origin": [8, 8, 8]},
			"faces": {
				"east": {"uv": [0, 6, 16, 11.3125], "texture": "#1"},
				"south": {"uv": [4, 0, 13, 7.08984], "texture": "#1"},
				"west": {"uv": [0, 6, 16, 11.3125], "texture": "#1"},
				"up": {"uv": [4, 0, 13, 6.3125], "texture": "#1"}
			}
		},
		{
			"from": [7.54204, 8.69905, 4.89483],
			"to": [8.34008, 9.55334, 5.21475],
			"rotation": {"angle": 0, "axis": "y", "origin": [8, 8, 8]},
			"faces": {
				"north": {"uv": [0, 6, 16, 11.3125], "texture": "#1"},
				"east": {"uv": [0, 6, 16, 11.3125], "texture": "#1"},
				"south": {"uv": [4, 0, 13, 7.08984], "texture": "#1"},
				"west": {"uv": [0, 6, 16, 11.3125], "texture": "#1"},
				"up": {"uv": [4, 0, 13, 6.3125], "texture": "#1"}
			}
		},
		{
			"from": [7.69145, 9.43381, 5.20772],
			"to": [8.19067, 9.5217, 6.63858],
			"rotation": {"angle": 0, "axis": "y", "origin": [8, 8, 8]},
			"faces": {
				"east": {"uv": [0, 6, 16, 11.3125], "texture": "#1"},
				"south": {"uv": [4, 0, 13, 7.08984], "texture": "#1"},
				"west": {"uv": [0, 6, 16, 11.3125], "texture": "#1"},
				"up": {"uv": [4, 0, 13, 6.3125], "texture": "#1"},
				"down": {"uv": [0, 6, 16, 11.3125], "texture": "#1"}
			}
		},
		{
			"from": [7.54204, 8.69905, 5.20068],
			"to": [8.34008, 9.39514, 6.63154],
			"rotation": {"angle": 0, "axis": "y", "origin": [8, 8, 8]},
			"faces": {
				"east": {"uv": [0, 6, 16, 11.3125], "texture": "#1"},
				"south": {"uv": [4, 0, 13, 7.08984], "texture": "#1"},
				"west": {"uv": [0, 6, 16, 11.3125], "texture": "#1"},
				"up": {"uv": [4, 0, 13, 6.3125], "texture": "#1"}
			}
		},
		{
			"from": [7.96391, 9.51116, 6.62803],
			"to": [8.18188, 9.67287, 6.67022],
			"rotation": {"angle": 0, "axis": "y", "origin": [8, 8, 8]},
			"faces": {
				"north": {"uv": [0, 6, 16, 11.3125], "texture": "#1"},
				"east": {"uv": [0, 6, 16, 11.3125], "texture": "#1"},
				"south": {"uv": [4, 0, 13, 7.08984], "texture": "#1"},
				"west": {"uv": [0, 6, 16, 11.3125], "texture": "#1"},
				"up": {"uv": [4, 0, 13, 6.3125], "texture": "#1"},
				"down": {"uv": [0, 6, 16, 11.3125], "texture": "#1"}
			}
		},
		{
			"from": [7.91821, 9.51116, 6.62803],
			"to": [7.96391, 9.59201, 6.67022],
			"rotation": {"angle": 0, "axis": "y", "origin": [8, 8, 8]},
			"faces": {
				"north": {"uv": [0, 6, 16, 11.3125], "texture": "#1"},
				"south": {"uv": [4, 0, 13, 7.08984], "texture": "#1"},
				"up": {"uv": [4, 0, 13, 6.3125], "texture": "#1"},
				"down": {"uv": [0, 6, 16, 11.3125], "texture": "#1"}
			}
		},
		{
			"from": [7.70024, 9.51116, 6.62803],
			"to": [7.91821, 9.67287, 6.67022],
			"rotation": {"angle": 0, "axis": "y", "origin": [8, 8, 8]},
			"faces": {
				"north": {"uv": [0, 6, 16, 11.3125], "texture": "#1"},
				"east": {"uv": [0, 6, 16, 11.3125], "texture": "#1"},
				"south": {"uv": [4, 0, 13, 7.08984], "texture": "#1"},
				"west": {"uv": [0, 6, 16, 11.3125], "texture": "#1"},
				"up": {"uv": [4, 0, 13, 6.3125], "texture": "#1"},
				"down": {"uv": [0, 6, 16, 11.3125], "texture": "#1"}
			}
		},
		{
			"from": [7.6089, 4.79329, 10.92588],
			"to": [8.2731, 6.13626, 11.72041],
			"rotation": {"angle": -45, "axis": "x", "origin": [8, 8, 8]},
			"faces": {
				"north": {"uv": [0, 6, 11.88281, 12.27344], "texture": "#1"},
				"east": {"uv": [0, 6, 11.88281, 12.27344], "texture": "#1"},
				"south": {"uv": [5, 0, 12, 7.08984], "texture": "#1"},
				"west": {"uv": [0, 6, 11.88281, 12.27344], "texture": "#1"},
				"up": {"uv": [4, 0, 8.88281, 7.27344], "texture": "#1"}
			}
		},
		{
			"from": [7.58763, 3.33845, 10.44382],
			"to": [8.30817, 5.64118, 11.51257],
			"rotation": {"angle": -22.5, "axis": "x", "origin": [8, 8, 8]},
			"faces": {
				"north": {"uv": [2, 0, 7.1875, 4.55859], "texture": "#0"},
				"east": {"uv": [2, 0, 7.1875, 4.55859], "texture": "#0"},
				"south": {"uv": [2, 0, 7.1875, 4.55859], "texture": "#0"},
				"west": {"uv": [2, 0, 7.1875, 4.55859], "texture": "#0"},
				"down": {"uv": [2, 0, 7.1875, 4.55859], "texture": "#0"}
			}
		},
		{
			"from": [7.58745, 4.6285, 11.78857],
			"to": [8.30835, 5.35975, 12.0417],
			"rotation": {"angle": 0, "axis": "x", "origin": [8, 8, 8]},
			"faces": {
				"north": {"uv": [2, 0, 6.28125, 2.8125], "texture": "#0"},
				"east": {"uv": [2, 0, 6.28125, 2.8125], "texture": "#0"},
				"south": {"uv": [2, 0, 6.28125, 2.8125], "texture": "#0"},
				"west": {"uv": [2, 0, 6.28125, 2.8125], "texture": "#0"},
				"up": {"uv": [2, 0, 6.28125, 2.8125], "texture": "#0"},
				"down": {"uv": [2, 0, 6.28125, 2.8125], "texture": "#0"}
			}
		}
	],
	"gui_light": "front",
	"display": {
		"thirdperson_righthand": {
			"rotation": [15.25, 0, 0],
			"translation": [0, 1.25, -2.5]
		},
		"thirdperson_lefthand": {
			"rotation": [15.25, 0, 0],
			"translation": [0, 1.25, -2.5]
		},
		"firstperson_righthand": {
			"rotation": [7.35, 1.26, 49.25],
			"translation": [-9, 15, 5.75],
			"scale": [1, 1, 0.7]
		},
		"firstperson_lefthand": {
			"translation": [-6.75, 5.5, 5.75],
			"scale": [1, 1, 0.7]
		},
		"gui": {
			"rotation": [-90, 135, 90],
			"translation": [0.75, 0, 0],
			"scale": [0.88, 0.88, 0.88]
		},
		"fixed": {
			"rotation": [-90, -135, -90],
			"translation": [0, 0.5, -1.75],
			"scale": [1.36, 1.36, 1.36]
		}
	}
}