{
	"credit": "Made with Blockbench",
	"textures": {
		"0": "craft:table/crafting_panel",
		"particle": "craft:table/crafting_panel"
	},
	"elements": [
		{
			"from": [-15.76, 2.64, 5.36],
			"to": [31.76, 18.48, 10.64],
			"rotation": {"angle": 0, "axis": "y", "origin": [8, 10.56, 8]},
			"faces": {
				"north": {"uv": [0, 0, 16, 16], "texture": "#0"},
				"east": {"uv": [0, 0, 1, 3], "texture": "#0"},
				"south": {"uv": [0, 0, 16, 16], "texture": "#0"},
				"west": {"uv": [0, 0, 1, 3], "texture": "#0"},
				"up": {"uv": [0, 0, 9, 1], "texture": "#0"},
				"down": {"uv": [0, 0, 9, 1], "texture": "#0"}
			}
		}
	],
	"gui_light": "front",
	"display": {
		"gui": {
			"translation": [72, -26.75, 0],
			"scale": [3.4, 3.4, 3.4]
		}
	}
}