{
    "parent": "item/generated",
    "textures": {
        "layer0": "item/crossbow_standby"
    },
    "display": {
        "thirdperson_righthand": {
            "rotation": [ -90, 0, -60 ],
            "translation": [ 2, 0.1, -3 ],
            "scale": [ 0.9, 0.9, 0.9 ]
        },
        "thirdperson_lefthand": {
            "rotation": [ -90, 0, 30 ],
            "translation": [ 2, 0.1, -3 ],
            "scale": [ 0.9, 0.9, 0.9 ]
        },
        "firstperson_righthand": {
            "rotation": [ -90, 0, -55 ],
            "translation": [ 1.13, 3.2, 1.13],
            "scale": [ 0.68, 0.68, 0.68 ]
        },
        "firstperson_lefthand": {
            "rotation": [ -90, 0, 35 ],
            "translation": [ 1.13, 3.2, 1.13],
            "scale": [ 0.68, 0.68, 0.68 ]
        }
    },
    "overrides": [
        {"predicate": {"pulling": 1},"model": "item/crossbow_pulling_0"},
        {"predicate": {"pulling": 1,"pull": 0.58},"model": "item/crossbow_pulling_1"},
        {"predicate": {"pulling": 1,"pull": 1.0},"model": "item/crossbow_pulling_2"},
        {"predicate": {"charged": 1},"model": "item/crossbow_arrow"},
        {"predicate": {"charged": 1,"firework": 1},"model": "item/crossbow_firework"},

    {"predicate": {"custom_model_data": 8401101},"model": "hd_guns:item/sidearm_500sw"},
    {"predicate": {"custom_model_data": 8401107},"model": "hd_guns:item/wp_fire/500sw/04"},
    {"predicate": {"custom_model_data": 8401109},"model": "hd_guns:item/wp_fire/500sw/03"},
    {"predicate": {"custom_model_data": 8401111},"model": "hd_guns:item/wp_fire/500sw/02"},
    {"predicate": {"custom_model_data": 8401113},"model": "hd_guns:item/wp_fire/500sw/01"},

    {"predicate": {"custom_model_data": 8401201},"model": "hd_guns:item/sidearm_usp"},
    {"predicate": {"custom_model_data": 8401204},"model": "hd_guns:item/wp_fire/usp/02"},
    {"predicate": {"custom_model_data": 8401205},"model": "hd_guns:item/wp_fire/usp/01"},

    {"predicate": {"custom_model_data": 8402101},"model": "hd_guns:item/shotgun_m870"},
    {"predicate": {"custom_model_data": 8402106},"model": "hd_guns:item/wp_fire/m870/05"},
    {"predicate": {"custom_model_data": 8402107},"model": "hd_guns:item/wp_fire/m870/06"},
    {"predicate": {"custom_model_data": 8402109},"model": "hd_guns:item/wp_fire/m870/05"},
    {"predicate": {"custom_model_data": 8402110},"model": "hd_guns:item/shotgun_m870"},
    {"predicate": {"custom_model_data": 8402116},"model": "hd_guns:item/wp_fire/m870/04"},
    {"predicate": {"custom_model_data": 8402117},"model": "hd_guns:item/wp_fire/m870/03"},
    {"predicate": {"custom_model_data": 8402118},"model": "hd_guns:item/wp_fire/m870/02"},
    {"predicate": {"custom_model_data": 8402119},"model": "hd_guns:item/wp_fire/m870/01"},

    {"predicate": {"custom_model_data": 8403101},"model": "hd_guns:item/smg_uzi"},
    {"predicate": {"custom_model_data": 8403102},"model": "hd_guns:item/wp_fire/uzi/01"},

    {"predicate": {"custom_model_data": 8404101},"model": "hd_guns:item/rifle_ak47"},
    {"predicate": {"custom_model_data": 8404103},"model": "hd_guns:item/wp_fire/ak47/01"},

    {"predicate": {"custom_model_data": 8404201},"model": "hd_guns:item/rifle_scar"},
    {"predicate": {"custom_model_data": 8404205},"model": "hd_guns:item/wp_fire/mk20ssr/04"},
    {"predicate": {"custom_model_data": 8404206},"model": "hd_guns:item/wp_fire/mk20ssr/03"},
    {"predicate": {"custom_model_data": 8404207},"model": "hd_guns:item/wp_fire/mk20ssr/02"},
    {"predicate": {"custom_model_data": 8404208},"model": "hd_guns:item/wp_fire/mk20ssr/01"},

    {"predicate": {"custom_model_data": 8405101},"model": "hd_guns:item/sniper_hecate"},
    {"predicate": {"custom_model_data": 8405112},"model": "hd_guns:item/wp_fire/hecate/05"},
    {"predicate": {"custom_model_data": 8405113},"model": "hd_guns:item/wp_fire/hecate/06"},
    {"predicate": {"custom_model_data": 8405114},"model": "hd_guns:item/wp_fire/hecate/07"},
    {"predicate": {"custom_model_data": 8405115},"model": "hd_guns:item/wp_fire/hecate/08"},
    {"predicate": {"custom_model_data": 8405117},"model": "hd_guns:item/wp_fire/hecate/07"},
    {"predicate": {"custom_model_data": 8405119},"model": "hd_guns:item/wp_fire/hecate/06"},
    {"predicate": {"custom_model_data": 8405120},"model": "hd_guns:item/wp_fire/hecate/05"},
    {"predicate": {"custom_model_data": 8405121},"model": "hd_guns:item/wp_fire/hecate/04"},
    {"predicate": {"custom_model_data": 8405128},"model": "hd_guns:item/wp_fire/hecate/03"},
    {"predicate": {"custom_model_data": 8405130},"model": "hd_guns:item/wp_fire/hecate/02"},
    {"predicate": {"custom_model_data": 8405132},"model": "hd_guns:item/wp_fire/hecate/01"},

    {"predicate": {"custom_model_data": 8406101},"model": "hd_guns:item/lmg_m249"},

    {"predicate": {"custom_model_data": 8411101},"model": "hd_guns:item/sidearm_500sw"},
    {"predicate": {"custom_model_data": 8411108},"model": "hd_guns:item/wp_rld/500sw/01"},
    {"predicate": {"custom_model_data": 8411109},"model": "hd_guns:item/wp_rld/500sw/02"},
    {"predicate": {"custom_model_data": 8411110},"model": "hd_guns:item/wp_rld/500sw/03"},
    {"predicate": {"custom_model_data": 8411111},"model": "hd_guns:item/wp_rld/500sw/03"},
    {"predicate": {"custom_model_data": 8411118},"model": "hd_guns:item/wp_rld/500sw/04"},
    {"predicate": {"custom_model_data": 8411119},"model": "hd_guns:item/wp_rld/500sw/05"},
    {"predicate": {"custom_model_data": 8411120},"model": "hd_guns:item/wp_rld/500sw/06"},
    {"predicate": {"custom_model_data": 8411129},"model": "hd_guns:item/wp_rld/500sw/06"},
    {"predicate": {"custom_model_data": 8411130},"model": "hd_guns:item/wp_rld/500sw/05"},
    {"predicate": {"custom_model_data": 8411131},"model": "hd_guns:item/wp_rld/500sw/04"},
    {"predicate": {"custom_model_data": 8411132},"model": "hd_guns:item/wp_rld/500sw/03"},
    {"predicate": {"custom_model_data": 8411138},"model": "hd_guns:item/wp_rld/500sw/03"},
    {"predicate": {"custom_model_data": 8411139},"model": "hd_guns:item/wp_rld/500sw/02"},
    {"predicate": {"custom_model_data": 8411140},"model": "hd_guns:item/wp_rld/500sw/01"},

    {"predicate": {"custom_model_data": 8411201},"model": "hd_guns:item/sidearm_usp"},
    {"predicate": {"custom_model_data": 8411204},"model": "hd_guns:item/wp_rld/usp/07"},
    {"predicate": {"custom_model_data": 8411209},"model": "hd_guns:item/wp_rld/usp/06"},
    {"predicate": {"custom_model_data": 8411210},"model": "hd_guns:item/wp_rld/usp/05"},
    {"predicate": {"custom_model_data": 8411222},"model": "hd_guns:item/wp_rld/usp/01"},
    {"predicate": {"custom_model_data": 8411223},"model": "hd_guns:item/wp_rld/usp/02"},
    {"predicate": {"custom_model_data": 8411224},"model": "hd_guns:item/wp_rld/usp/03"},
    {"predicate": {"custom_model_data": 8411225},"model": "hd_guns:item/wp_rld/usp/04"},
    {"predicate": {"custom_model_data": 8411232},"model": "hd_guns:item/wp_rld/usp/03"},
    {"predicate": {"custom_model_data": 8411233},"model": "hd_guns:item/wp_rld/usp/02"},
    {"predicate": {"custom_model_data": 8411234},"model": "hd_guns:item/wp_rld/usp/01"},

    {"predicate": {"custom_model_data": 8412101},"model": "hd_guns:item/shotgun_m870"},
    {"predicate": {"custom_model_data": 8412104},"model": "hd_guns:item/wp_rld/m870/01"},
    {"predicate": {"custom_model_data": 8412105},"model": "hd_guns:item/wp_rld/m870/02"},
    {"predicate": {"custom_model_data": 8412106},"model": "hd_guns:item/wp_rld/m870/03"},
    {"predicate": {"custom_model_data": 8412109},"model": "hd_guns:item/wp_rld/m870/19"},
    {"predicate": {"custom_model_data": 8412110},"model": "hd_guns:item/wp_rld/m870/20"},
    {"predicate": {"custom_model_data": 8412112},"model": "hd_guns:item/wp_rld/m870/19"},
    {"predicate": {"custom_model_data": 8412113},"model": "hd_guns:item/wp_rld/m870/03"},
    {"predicate": {"custom_model_data": 8412119},"model": "hd_guns:item/wp_rld/m870/18"},
    {"predicate": {"custom_model_data": 8412120},"model": "hd_guns:item/wp_rld/m870/17"},
    {"predicate": {"custom_model_data": 8412121},"model": "hd_guns:item/wp_rld/m870/16"},
    {"predicate": {"custom_model_data": 8412122},"model": "hd_guns:item/wp_rld/m870/15"},
    {"predicate": {"custom_model_data": 8412123},"model": "hd_guns:item/wp_rld/m870/14"},
    {"predicate": {"custom_model_data": 8412124},"model": "hd_guns:item/wp_rld/m870/13"},
    {"predicate": {"custom_model_data": 8412125},"model": "hd_guns:item/wp_rld/m870/12"},
    {"predicate": {"custom_model_data": 8412126},"model": "hd_guns:item/wp_rld/m870/11"},
    {"predicate": {"custom_model_data": 8412127},"model": "hd_guns:item/wp_rld/m870/10"},
    {"predicate": {"custom_model_data": 8412133},"model": "hd_guns:item/wp_rld/m870/09"},
    {"predicate": {"custom_model_data": 8412134},"model": "hd_guns:item/wp_rld/m870/08"},
    {"predicate": {"custom_model_data": 8412135},"model": "hd_guns:item/wp_rld/m870/07"},
    {"predicate": {"custom_model_data": 8412136},"model": "hd_guns:item/wp_rld/m870/06"},
    {"predicate": {"custom_model_data": 8412138},"model": "hd_guns:item/wp_rld/m870/05"},
    {"predicate": {"custom_model_data": 8412139},"model": "hd_guns:item/wp_rld/m870/04"},
    {"predicate": {"custom_model_data": 8412140},"model": "hd_guns:item/wp_rld/m870/03"},
    {"predicate": {"custom_model_data": 8412143},"model": "hd_guns:item/wp_rld/m870/02"},
    {"predicate": {"custom_model_data": 8412144},"model": "hd_guns:item/wp_rld/m870/01"},

    {"predicate": {"custom_model_data": 8413101},"model": "hd_guns:item/smg_uzi"},
    {"predicate": {"custom_model_data": 8413103},"model": "hd_guns:item/wp_rld/uzi/13"},
    {"predicate": {"custom_model_data": 8413104},"model": "hd_guns:item/wp_rld/uzi/12"},
    {"predicate": {"custom_model_data": 8413105},"model": "hd_guns:item/wp_rld/uzi/09"},
    {"predicate": {"custom_model_data": 8413109},"model": "hd_guns:item/wp_rld/uzi/11"},
    {"predicate": {"custom_model_data": 8413115},"model": "hd_guns:item/wp_rld/uzi/10"},
    {"predicate": {"custom_model_data": 8413116},"model": "hd_guns:item/wp_rld/uzi/09"},
    {"predicate": {"custom_model_data": 8413118},"model": "hd_guns:item/wp_rld/uzi/08"},
    {"predicate": {"custom_model_data": 8413119},"model": "hd_guns:item/wp_rld/uzi/07"},
    {"predicate": {"custom_model_data": 8413120},"model": "hd_guns:item/wp_rld/uzi/03"},
    {"predicate": {"custom_model_data": 8413129},"model": "hd_guns:item/wp_rld/uzi/04"},
    {"predicate": {"custom_model_data": 8413130},"model": "hd_guns:item/wp_rld/uzi/05"},
    {"predicate": {"custom_model_data": 8413131},"model": "hd_guns:item/wp_rld/uzi/06"},
    {"predicate": {"custom_model_data": 8413140},"model": "hd_guns:item/wp_rld/uzi/05"},
    {"predicate": {"custom_model_data": 8413141},"model": "hd_guns:item/wp_rld/uzi/04"},
    {"predicate": {"custom_model_data": 8413142},"model": "hd_guns:item/wp_rld/uzi/03"},
    {"predicate": {"custom_model_data": 8413143},"model": "hd_guns:item/wp_rld/uzi/02"},
    {"predicate": {"custom_model_data": 8413144},"model": "hd_guns:item/wp_rld/uzi/01"},

    {"predicate": {"custom_model_data": 8414101},"model": "hd_guns:item/rifle_ak47"},
    {"predicate": {"custom_model_data": 8414102},"model": "hd_guns:item/wp_rld/ak47/01"},
    {"predicate": {"custom_model_data": 8414103},"model": "hd_guns:item/wp_rld/ak47/02"},
    {"predicate": {"custom_model_data": 8414104},"model": "hd_guns:item/wp_rld/ak47/03"},
    {"predicate": {"custom_model_data": 8414105},"model": "hd_guns:item/wp_rld/ak47/04"},
    {"predicate": {"custom_model_data": 8414106},"model": "hd_guns:item/wp_rld/ak47/05"},
    {"predicate": {"custom_model_data": 8414107},"model": "hd_guns:item/wp_rld/ak47/15"},
    {"predicate": {"custom_model_data": 8414112},"model": "hd_guns:item/wp_rld/ak47/14"},
    {"predicate": {"custom_model_data": 8414114},"model": "hd_guns:item/wp_rld/ak47/13"},
    {"predicate": {"custom_model_data": 8414115},"model": "hd_guns:item/wp_rld/ak47/12"},
    {"predicate": {"custom_model_data": 8414116},"model": "hd_guns:item/wp_rld/ak47/11"},
    {"predicate": {"custom_model_data": 8414124},"model": "hd_guns:item/wp_rld/ak47/11"},
    {"predicate": {"custom_model_data": 8414125},"model": "hd_guns:item/wp_rld/ak47/10"},
    {"predicate": {"custom_model_data": 8414126},"model": "hd_guns:item/wp_rld/ak47/09"},
    {"predicate": {"custom_model_data": 8414127},"model": "hd_guns:item/wp_rld/ak47/08"},
    {"predicate": {"custom_model_data": 8414136},"model": "hd_guns:item/wp_rld/ak47/08"},
    {"predicate": {"custom_model_data": 8414137},"model": "hd_guns:item/wp_rld/ak47/07"},
    {"predicate": {"custom_model_data": 8414138},"model": "hd_guns:item/wp_rld/ak47/06"},
    {"predicate": {"custom_model_data": 8414139},"model": "hd_guns:item/wp_rld/ak47/05"},
    {"predicate": {"custom_model_data": 8414140},"model": "hd_guns:item/wp_rld/ak47/04"},
    {"predicate": {"custom_model_data": 8414141},"model": "hd_guns:item/wp_rld/ak47/03"},
    {"predicate": {"custom_model_data": 8414142},"model": "hd_guns:item/wp_rld/ak47/02"},
    {"predicate": {"custom_model_data": 8414143},"model": "hd_guns:item/wp_rld/ak47/01"},

    {"predicate": {"custom_model_data": 8414201},"model": "hd_guns:item/rifle_scar"},
    {"predicate": {"custom_model_data": 8414202},"model": "hd_guns:item/wp_rld/mk20ssr/18"},
    {"predicate": {"custom_model_data": 8414204},"model": "hd_guns:item/wp_rld/mk20ssr/17"},
    {"predicate": {"custom_model_data": 8414205},"model": "hd_guns:item/wp_rld/mk20ssr/16"},
    {"predicate": {"custom_model_data": 8414206},"model": "hd_guns:item/wp_rld/mk20ssr/15"},
    {"predicate": {"custom_model_data": 8414209},"model": "hd_guns:item/wp_rld/mk20ssr/14"},
    {"predicate": {"custom_model_data": 8414210},"model": "hd_guns:item/wp_rld/mk20ssr/13"},
    {"predicate": {"custom_model_data": 8414216},"model": "hd_guns:item/wp_rld/mk20ssr/12"},
    {"predicate": {"custom_model_data": 8414217},"model": "hd_guns:item/wp_rld/mk20ssr/11"},
    {"predicate": {"custom_model_data": 8414218},"model": "hd_guns:item/wp_rld/mk20ssr/10"},
    {"predicate": {"custom_model_data": 8414226},"model": "hd_guns:item/wp_rld/mk20ssr/09"},
    {"predicate": {"custom_model_data": 8414227},"model": "hd_guns:item/wp_rld/mk20ssr/08"},
    {"predicate": {"custom_model_data": 8414252},"model": "hd_guns:item/wp_rld/mk20ssr/07"},
    {"predicate": {"custom_model_data": 8414253},"model": "hd_guns:item/wp_rld/mk20ssr/06"},
    {"predicate": {"custom_model_data": 8414254},"model": "hd_guns:item/wp_rld/mk20ssr/05"},
    {"predicate": {"custom_model_data": 8414263},"model": "hd_guns:item/wp_rld/mk20ssr/04"},
    {"predicate": {"custom_model_data": 8414264},"model": "hd_guns:item/wp_rld/mk20ssr/03"},
    {"predicate": {"custom_model_data": 8414267},"model": "hd_guns:item/wp_rld/mk20ssr/02"},
    {"predicate": {"custom_model_data": 8414268},"model": "hd_guns:item/wp_rld/mk20ssr/01"},

    {"predicate": {"custom_model_data": 8415101},"model": "hd_guns:item/sniper_hecate"},
    {"predicate": {"custom_model_data": 8415110},"model": "hd_guns:item/wp_fire/hecate/05"},
    {"predicate": {"custom_model_data": 8415111},"model": "hd_guns:item/wp_fire/hecate/06"},
    {"predicate": {"custom_model_data": 8415112},"model": "hd_guns:item/wp_fire/hecate/07"},
    {"predicate": {"custom_model_data": 8415113},"model": "hd_guns:item/wp_fire/hecate/08"},
    {"predicate": {"custom_model_data": 8415115},"model": "hd_guns:item/wp_fire/hecate/07"},
    {"predicate": {"custom_model_data": 8415117},"model": "hd_guns:item/wp_fire/hecate/06"},
    {"predicate": {"custom_model_data": 8415118},"model": "hd_guns:item/wp_fire/hecate/05"},
    {"predicate": {"custom_model_data": 8415119},"model": "hd_guns:item/sniper_hecate"},
    {"predicate": {"custom_model_data": 8415124},"model": "hd_guns:item/wp_rld/hecate/01"},
    {"predicate": {"custom_model_data": 8415126},"model": "hd_guns:item/wp_rld/hecate/02"},
    {"predicate": {"custom_model_data": 8415137},"model": "hd_guns:item/wp_rld/hecate/03"},
    {"predicate": {"custom_model_data": 8415138},"model": "hd_guns:item/wp_rld/hecate/04"},
    {"predicate": {"custom_model_data": 8415140},"model": "hd_guns:item/wp_rld/hecate/05"},
    {"predicate": {"custom_model_data": 8415141},"model": "hd_guns:item/wp_rld/hecate/06"},
    {"predicate": {"custom_model_data": 8415162},"model": "hd_guns:item/wp_rld/hecate/05"},
    {"predicate": {"custom_model_data": 8415163},"model": "hd_guns:item/wp_rld/hecate/04"},
    {"predicate": {"custom_model_data": 8415164},"model": "hd_guns:item/wp_rld/hecate/03"},
    {"predicate": {"custom_model_data": 8415165},"model": "hd_guns:item/wp_rld/hecate/02"},
    {"predicate": {"custom_model_data": 8415166},"model": "hd_guns:item/wp_rld/hecate/01"}
    ]
}
