{
	"credit": "Made with Blockbench",
	"textures": {
		"0": "hd_guns:block/anvil",
		"1": "hd_guns:block/brown_concrete_powder",
		"2": "hd_guns:block/gray_shulker_box",
		"particle": "hd_guns:block/anvil"
	},
	"elements": [
		{
			"from": [7.49821, 7.43185, 19.38717],
			"to": [8.16598, 8.49455, 19.82339],
			"rotation": {"angle": 0, "axis": "x", "origin": [7.83204, 7.87967, 16.65848]},
			"faces": {
				"east": {"uv": [0, 0, 0.36719, 0.89453], "texture": "#2"},
				"south": {"uv": [0, 0, 0.5621, 0.89453], "texture": "#2"},
				"west": {"uv": [0, 0, 0.36719, 0.89453], "texture": "#2"},
				"up": {"uv": [0, 0, 0.5621, 0.36719], "texture": "#2"},
				"down": {"uv": [0, 0, 0.5621, 0.36719], "texture": "#2"}
			}
		},
		{
			"from": [7.49821, 5.48998, 19.23146],
			"to": [8.16598, 7.4344, 19.65376],
			"rotation": {"angle": 0, "axis": "x", "origin": [7.83204, 7.78012, 16.72552]},
			"faces": {
				"north": {"uv": [0, 0, 0.5621, 1.63672], "texture": "#2"},
				"east": {"uv": [1, 1, 1.35547, 2.63672], "texture": "#2"},
				"south": {"uv": [1, 1, 1.5621, 2.63672], "texture": "#2"},
				"west": {"uv": [1, 1, 1.35547, 2.63672], "texture": "#2"},
				"down": {"uv": [0, 0, 0.5621, 0.35547], "texture": "#2"}
			}
		},
		{
			"from": [7.49833, 7.47777, 19.35771],
			"to": [8.16586, 7.91863, 19.76144],
			"rotation": {"angle": 22.5, "axis": "x", "origin": [7.83204, 7.51954, 18.5688]},
			"faces": {
				"east": {"uv": [0, 0, 0.33984, 0.37109], "texture": "#2"},
				"south": {"uv": [0, 0, 0.5619, 0.37109], "texture": "#2"},
				"west": {"uv": [0, 0, 0.33984, 0.37109], "texture": "#2"},
				"down": {"uv": [0, 0, 0.5619, 0.33984], "texture": "#2"}
			}
		},
		{
			"from": [7.49833, 5.83575, 19.533],
			"to": [8.16586, 6.89381, 19.9785],
			"rotation": {"angle": 22.5, "axis": "x", "origin": [7.83204, 7.53421, 18.73482]},
			"faces": {
				"east": {"uv": [0, 0, 0.375, 0.89063], "texture": "#2"},
				"south": {"uv": [0, 0, 0.5619, 0.89063], "texture": "#2"},
				"west": {"uv": [0, 0, 0.375, 0.89063], "texture": "#2"},
				"up": {"uv": [0, 0, 0.5619, 0.375], "texture": "#2"},
				"down": {"uv": [0, 0, 0.5619, 0.375], "texture": "#2"}
			}
		},
		{
			"from": [7.49833, 7.88702, 11.49133],
			"to": [8.16586, 8.94973, 13.84413],
			"rotation": {"angle": 22.5, "axis": "x", "origin": [7.83204, 8.30004, 13.25013]},
			"faces": {
				"east": {"uv": [0, 0, 1.98047, 0.89453], "texture": "#1"},
				"west": {"uv": [0, 0, 1.98047, 0.89453], "texture": "#1"},
				"up": {"uv": [0, 0, 2, 1], "texture": "#1"},
				"down": {"uv": [0, 0, 0.5619, 1.98047], "texture": "#1"}
			}
		},
		{
			"from": [7.498, 7.98912, 13.84413],
			"to": [8.1663, 9.05182, 19.41288],
			"rotation": {"angle": 22.5, "axis": "x", "origin": [7.83204, 8.30004, 13.25013]},
			"faces": {
				"north": {"uv": [0, 0, 0.5619, 0.89453], "texture": "#1"},
				"east": {"uv": [6, 9, 10.6875, 10.89453], "texture": "#1"},
				"south": {"uv": [0, 0, 0.5619, 0.89453], "texture": "#1"},
				"west": {"uv": [1.3125, 13, 6, 14.89453], "texture": "#1"},
				"up": {"uv": [0, 0, 0.5619, 4.6875], "texture": "#1"},
				"down": {"uv": [0, 0, 0.5619, 4.6875], "texture": "#1"}
			}
		},
		{
			"from": [7.49809, 7.43185, 14.70942],
			"to": [8.16599, 8.49455, 19.38717],
			"rotation": {"angle": 0, "axis": "x", "origin": [7.83204, 7.87967, 16.73273]},
			"faces": {
				"east": {"uv": [1, 7, 4.9375, 8.89453], "texture": "#1"},
				"south": {"uv": [0, 0, 0.5623, 0.89453], "texture": "#1"},
				"west": {"uv": [4, 1, 7.9375, 2.89453], "texture": "#1"},
				"up": {"uv": [0, 0, 2, 1], "texture": "#1"},
				"down": {"uv": [0, 0, 0.5623, 3.9375], "texture": "#1"}
			}
		},
		{
			"from": [7.49809, 6.63621, 17.30096],
			"to": [8.1661, 7.4344, 19.23146],
			"rotation": {"angle": 0, "axis": "x", "origin": [7.83204, 7.78012, 16.72552]},
			"faces": {
				"east": {"uv": [4, 2, 5.625, 3.67188], "texture": "#1"},
				"south": {"uv": [0, 0, 0.5623, 0.67188], "texture": "#1"},
				"west": {"uv": [4, 2, 5.625, 3.67188], "texture": "#1"},
				"up": {"uv": [0, 0, 0.5623, 1.625], "texture": "#1"}
			}
		},
		{
			"from": [7.49833, 7.66315, 16.39312],
			"to": [8.16586, 7.97408, 16.87111],
			"rotation": {"angle": 22.5, "axis": "x", "origin": [7.83204, 7.44273, 18.732]},
			"faces": {
				"east": {"uv": [0, 0, 0.40234, 0.26172], "texture": "#1"},
				"west": {"uv": [0, 0, 0.40234, 0.26172], "texture": "#1"},
				"up": {"uv": [0, 0, 2, 1], "texture": "#1"}
			}
		},
		{
			"from": [7.49809, 8.82868, 14.1015],
			"to": [8.1661, 9.03751, 14.80223],
			"rotation": {"angle": 0, "axis": "x", "origin": [7.83204, 8.98414, 13.71864]},
			"faces": {
				"north": {"uv": [0, 0, 0.5623, 0.17578], "texture": "#1"},
				"east": {"uv": [0, 0, 0.58984, 0.17578], "texture": "#1"},
				"south": {"uv": [0, 0, 0.5623, 0.17578], "texture": "#1"},
				"west": {"uv": [0, 0, 0.58984, 0.17578], "texture": "#1"},
				"up": {"uv": [0, 0, 2, 1], "texture": "#1"}
			}
		},
		{
			"from": [7.49833, 8.70255, 14.7356],
			"to": [8.16586, 8.91138, 15.29712],
			"rotation": {"angle": 22.5, "axis": "x", "origin": [7.83204, 8.80696, 15.08597]},
			"faces": {
				"east": {"uv": [0, 0, 0.47266, 0.17578], "texture": "#1"},
				"west": {"uv": [0, 0, 0.47266, 0.17578], "texture": "#1"},
				"up": {"uv": [0, 0, 2, 1], "texture": "#1"}
			}
		},
		{
			"from": [7.49833, 8.72652, 13.62968],
			"to": [8.16586, 8.93535, 14.16336],
			"rotation": {"angle": -22.5, "axis": "x", "origin": [7.83204, 8.83094, 13.87564]},
			"faces": {
				"east": {"uv": [0, 0, 0.44922, 0.17578], "texture": "#1"},
				"west": {"uv": [0, 0, 0.44922, 0.17578], "texture": "#1"},
				"up": {"uv": [0, 0, 2, 1], "texture": "#1"}
			}
		},
		{
			"from": [7.49824, 7.50537, 17.64609],
			"to": [8.16604, 7.8163, 18.12407],
			"rotation": {"angle": 22.5, "axis": "x", "origin": [7.83204, 7.28494, 19.98496]},
			"faces": {
				"north": {"uv": [0, 0, 0.5623, 0.26172], "texture": "#1"},
				"east": {"uv": [0, 0, 0.40234, 0.26172], "texture": "#1"},
				"south": {"uv": [0, 0, 0.5623, 0.26172], "texture": "#1"},
				"west": {"uv": [0, 0, 0.40234, 0.26172], "texture": "#1"},
				"up": {"uv": [0, 0, 2, 1], "texture": "#1"},
				"down": {"uv": [0, 0, 0.5623, 0.40234], "texture": "#1"}
			}
		},
		{
			"from": [7.49809, 8.49455, 17.15039],
			"to": [8.1661, 8.6709, 18.02747],
			"rotation": {"angle": 0, "axis": "x", "origin": [7.83204, 8.65233, 19.82571]},
			"faces": {
				"north": {"uv": [0, 0, 0.5623, 0.14844], "texture": "#1"},
				"east": {"uv": [0, 0, 0.73828, 0.14844], "texture": "#1"},
				"south": {"uv": [0, 0, 0.5623, 0.14844], "texture": "#1"},
				"west": {"uv": [0, 0, 0.73828, 0.14844], "texture": "#1"},
				"up": {"uv": [0, 0, 2, 1], "texture": "#1"},
				"down": {"uv": [0, 0, 0.5623, 0.73828], "texture": "#1"}
			}
		},
		{
			"from": [7.49809, 8.49455, 13.47965],
			"to": [8.1661, 8.82868, 16.7745],
			"rotation": {"angle": 0, "axis": "x", "origin": [7.83204, 8.94237, 17.01581]},
			"faces": {
				"north": {"uv": [0, 0, 0.5623, 0.28125], "texture": "#1"},
				"east": {"uv": [3, 0, 5.77344, 0.28125], "texture": "#1"},
				"south": {"uv": [0, 0, 0.5623, 0.28125], "texture": "#1"},
				"west": {"uv": [3, 0, 5.77344, 0.28125], "texture": "#1"},
				"up": {"uv": [0, 0, 2, 1], "texture": "#1"},
				"down": {"uv": [0, 0, 0.5623, 2.77344], "texture": "#1"}
			}
		},
		{
			"from": [7.49821, 6.86693, 13.20299],
			"to": [8.16598, 7.66048, 14.86433],
			"rotation": {"angle": 45, "axis": "x", "origin": [7.83204, 8.05261, 14.42347]},
			"faces": {
				"north": {"uv": [0, 0, 0.5621, 0.66797], "texture": "#1"},
				"east": {"uv": [0, 0, 1.39844, 0.66797], "texture": "#1"},
				"south": {"uv": [0, 0, 0.5621, 0.66797], "texture": "#1"},
				"west": {"uv": [0, 0, 1.39844, 0.66797], "texture": "#1"},
				"up": {"uv": [0, 0, 0.5621, 1.39844], "texture": "#1"},
				"down": {"uv": [0, 0, 0.5621, 1.39844], "texture": "#1"}
			}
		},
		{
			"from": [7.49844, 6.93974, 13.54127],
			"to": [8.16574, 7.29707, 14.66894],
			"rotation": {"angle": -22.5, "axis": "x", "origin": [7.83204, 7.77041, 13.93804]},
			"faces": {
				"north": {"uv": [0, 0, 0.5617, 0.30078], "rotation": 180, "texture": "#1"},
				"east": {"uv": [0, 0, 0.30078, 0.94922], "rotation": 270, "texture": "#1"},
				"west": {"uv": [0, 0, 0.30078, 0.94922], "rotation": 90, "texture": "#1"},
				"down": {"uv": [0, 0, 0.5617, 0.94922], "texture": "#1"}
			}
		},
		{
			"from": [7.49833, 6.93974, 13.19322],
			"to": [8.16586, 7.71472, 13.52271],
			"rotation": {"angle": -22.5, "axis": "x", "origin": [7.83204, 7.77041, 13.58999]},
			"faces": {
				"north": {"uv": [0, 0, 0.5619, 0.65234], "rotation": 180, "texture": "#1"},
				"east": {"uv": [0, 0, 0.65234, 0.27734], "rotation": 270, "texture": "#1"},
				"west": {"uv": [0, 0, 0.65234, 0.27734], "rotation": 90, "texture": "#1"}
			}
		},
		{
			"from": [7.49809, 6.85113, 13.54131],
			"to": [8.1661, 7.62612, 13.88935],
			"rotation": {"angle": 0, "axis": "x", "origin": [7.83204, 7.23862, 13.70605]},
			"faces": {
				"north": {"uv": [0, 0, 0.5623, 0.65234], "rotation": 180, "texture": "#1"},
				"east": {"uv": [0, 0, 0.65234, 0.29297], "rotation": 270, "texture": "#1"},
				"south": {"uv": [0, 0, 0.5623, 0.65234], "texture": "#1"},
				"west": {"uv": [0, 0, 0.65234, 0.29297], "rotation": 90, "texture": "#1"},
				"up": {"uv": [0, 0, 0.5623, 0.29297], "rotation": 180, "texture": "#1"},
				"down": {"uv": [0, 0, 0.5623, 0.29297], "texture": "#1"}
			}
		},
		{
			"from": [7.49814, 7.39076, 19.15014],
			"to": [8.16604, 7.83162, 19.30792],
			"rotation": {"angle": 22.5, "axis": "x", "origin": [7.83204, 7.43252, 18.34267]},
			"faces": {
				"north": {"uv": [0, 0, 0.5623, 0.37109], "texture": "#1"},
				"east": {"uv": [0, 0, 0.13281, 0.37109], "texture": "#1"},
				"south": {"uv": [0, 0, 0.5623, 0.37109], "texture": "#1"},
				"west": {"uv": [0, 0, 0.13281, 0.37109], "texture": "#1"},
				"up": {"uv": [0, 0, 0.5623, 0.13281], "texture": "#1"}
			}
		},
		{
			"from": [7.45846, 8.2176, 0.1878],
			"to": [8.20561, 9.23854, 4.72169],
			"rotation": {"angle": 0, "axis": "x", "origin": [7.86684, 9.17125, 12.40424]},
			"faces": {
				"north": {"uv": [0, 0, 0.62891, 0.85938], "texture": "#1"},
				"east": {"uv": [5, 3, 11, 4], "texture": "#1"},
				"south": {"uv": [0, 0, 0.62891, 0.85938], "texture": "#1"},
				"west": {"uv": [5, 3, 11, 4], "texture": "#1"},
				"up": {"uv": [0, 0, 0.62891, 3.81641], "texture": "#1"},
				"down": {"uv": [4, 0, 4.62891, 3.81641], "texture": "#1"}
			}
		},
		{
			"from": [7.43502, 8.20588, 0.23468],
			"to": [8.22904, 9.25026, 0.57326],
			"rotation": {"angle": 0, "axis": "x", "origin": [7.86684, 9.17125, 12.40424]},
			"faces": {
				"north": {"uv": [10, 14, 11, 15], "texture": "#1"},
				"east": {"uv": [10, 14, 11, 15], "texture": "#1"},
				"south": {"uv": [10, 14, 11, 15], "texture": "#1"},
				"west": {"uv": [10, 14, 11, 15], "texture": "#1"},
				"up": {"uv": [10, 14, 11, 15], "texture": "#1"},
				"down": {"uv": [10, 14, 11, 15], "texture": "#1"}
			}
		},
		{
			"from": [7.43502, 8.20588, 0.92999],
			"to": [8.22904, 9.25026, 1.26857],
			"rotation": {"angle": 0, "axis": "x", "origin": [7.86684, 9.17125, 12.40424]},
			"faces": {
				"north": {"uv": [10, 14, 11, 15], "texture": "#1"},
				"east": {"uv": [10, 14, 11, 15], "texture": "#1"},
				"south": {"uv": [10, 14, 11, 15], "texture": "#1"},
				"west": {"uv": [10, 14, 11, 15], "texture": "#1"},
				"up": {"uv": [10, 14, 11, 15], "texture": "#1"},
				"down": {"uv": [10, 14, 11, 15], "texture": "#1"}
			}
		},
		{
			"from": [7.43502, 8.20588, 2.32843],
			"to": [8.22904, 9.25026, 2.66701],
			"rotation": {"angle": 0, "axis": "x", "origin": [7.86684, 9.17125, 12.40424]},
			"faces": {
				"north": {"uv": [10, 14, 11, 15], "texture": "#1"},
				"east": {"uv": [10, 14, 11, 15], "texture": "#1"},
				"south": {"uv": [10, 14, 11, 15], "texture": "#1"},
				"west": {"uv": [10, 14, 11, 15], "texture": "#1"},
				"up": {"uv": [10, 14, 11, 15], "texture": "#1"},
				"down": {"uv": [10, 14, 11, 15], "texture": "#1"}
			}
		},
		{
			"from": [7.43502, 8.20588, 1.64484],
			"to": [8.22904, 9.25026, 1.98341],
			"rotation": {"angle": 0, "axis": "x", "origin": [7.86684, 9.17125, 12.40424]},
			"faces": {
				"north": {"uv": [10, 14, 11, 15], "texture": "#1"},
				"east": {"uv": [10, 14, 11, 15], "texture": "#1"},
				"south": {"uv": [10, 14, 11, 15], "texture": "#1"},
				"west": {"uv": [10, 14, 11, 15], "texture": "#1"},
				"up": {"uv": [10, 14, 11, 15], "texture": "#1"},
				"down": {"uv": [10, 14, 11, 15], "texture": "#1"}
			}
		},
		{
			"from": [7.43502, 8.20588, 3.67218],
			"to": [8.22904, 9.25026, 4.01076],
			"rotation": {"angle": 0, "axis": "x", "origin": [7.86684, 9.17125, 12.40424]},
			"faces": {
				"north": {"uv": [10, 14, 11, 15], "texture": "#1"},
				"east": {"uv": [10, 14, 11, 15], "texture": "#1"},
				"south": {"uv": [10, 14, 11, 15], "texture": "#1"},
				"west": {"uv": [10, 14, 11, 15], "texture": "#1"},
				"up": {"uv": [10, 14, 11, 15], "texture": "#1"},
				"down": {"uv": [10, 14, 11, 15], "texture": "#1"}
			}
		},
		{
			"from": [7.43502, 8.20588, 4.34015],
			"to": [8.22904, 9.25026, 4.67873],
			"rotation": {"angle": 0, "axis": "x", "origin": [7.86684, 9.17125, 12.40424]},
			"faces": {
				"north": {"uv": [10, 14, 11, 15], "texture": "#1"},
				"east": {"uv": [10, 14, 11, 15], "texture": "#1"},
				"south": {"uv": [10, 14, 11, 15], "texture": "#1"},
				"west": {"uv": [10, 14, 11, 15], "texture": "#1"},
				"up": {"uv": [10, 14, 11, 15], "texture": "#1"},
				"down": {"uv": [10, 14, 11, 15], "texture": "#1"}
			}
		},
		{
			"from": [7.43502, 8.20588, 3.01202],
			"to": [8.22904, 9.25026, 3.3506],
			"rotation": {"angle": 0, "axis": "x", "origin": [7.86684, 9.17125, 12.40424]},
			"faces": {
				"north": {"uv": [10, 14, 11, 15], "texture": "#1"},
				"east": {"uv": [10, 14, 11, 15], "texture": "#1"},
				"south": {"uv": [10, 14, 11, 15], "texture": "#1"},
				"west": {"uv": [10, 14, 11, 15], "texture": "#1"},
				"up": {"uv": [10, 14, 11, 15], "texture": "#1"},
				"down": {"uv": [10, 14, 11, 15], "texture": "#1"}
			}
		},
		{
			"from": [7.49791, 8.44963, 6.95383],
			"to": [8.16616, 9.89751, 10.93548],
			"rotation": {"angle": 0, "axis": "x", "origin": [7.83204, 9.17125, 11.3833]},
			"faces": {
				"north": {"uv": [0, 0, 0.5625, 1.21875], "texture": "#0"},
				"east": {"uv": [7.64844, 12, 16, 15.21875], "texture": "#0"},
				"south": {"uv": [0, 0, 0.5625, 1.21875], "texture": "#0"},
				"west": {"uv": [7.64844, 12.78125, 16, 16], "texture": "#0"},
				"up": {"uv": [13, 7, 15, 10.35156], "texture": "#0"},
				"down": {"uv": [0, 0, 0.5625, 3.35156], "texture": "#0"}
			}
		},
		{
			"from": [8.16588, 9.21916, 7.10227],
			"to": [8.17006, 9.74907, 9.30267],
			"rotation": {"angle": 0, "axis": "x", "origin": [7.83204, 9.17125, 11.3833]},
			"faces": {
				"north": {"uv": [0, 0, 0.5625, 1.21875], "texture": "#0"},
				"east": {"uv": [7, 0, 11, 3.21875], "texture": "#0"},
				"south": {"uv": [0, 0, 0.5625, 1.21875], "texture": "#0"},
				"up": {"uv": [13, 7, 15, 10.35156], "texture": "#0"},
				"down": {"uv": [0, 0, 0.5625, 3.35156], "texture": "#0"}
			}
		},
		{
			"from": [7.67425, 8.00413, 11.36706],
			"to": [7.98982, 8.44963, 11.65942],
			"rotation": {"angle": 0, "axis": "x", "origin": [7.83204, 9.17125, 11.3833]},
			"faces": {
				"north": {"uv": [0, 0, 0.26563, 0.375], "texture": "#0"},
				"east": {"uv": [0, 0, 0.24609, 0.375], "texture": "#0"},
				"south": {"uv": [0, 0, 0.26563, 0.375], "texture": "#0"},
				"west": {"uv": [0, 0, 0.24609, 0.375], "texture": "#0"}
			}
		},
		{
			"from": [7.67425, 7.92988, 11.36706],
			"to": [7.98982, 8.00413, 11.4738],
			"rotation": {"angle": 0, "axis": "x", "origin": [7.83204, 7.7837, 11.51324]},
			"faces": {
				"north": {"uv": [0, 0, 0.26563, 0.0625], "texture": "#0"},
				"east": {"uv": [0, 0, 0.08984, 0.0625], "texture": "#0"},
				"west": {"uv": [0, 0, 0.08984, 0.0625], "texture": "#0"}
			}
		},
		{
			"from": [7.67425, 7.73279, 11.34555],
			"to": [7.98982, 8.11796, 11.54703],
			"rotation": {"angle": 45, "axis": "x", "origin": [7.83204, 7.92538, 11.46582]},
			"faces": {
				"north": {"uv": [0, 0, 0.26563, 0.32422], "texture": "#0"},
				"east": {"uv": [0, 0, 0.13672, 0.32422], "texture": "#0"},
				"south": {"uv": [0, 0, 0.26563, 0.32422], "texture": "#0"},
				"west": {"uv": [0, 0, 0.13672, 0.32422], "texture": "#0"}
			}
		},
		{
			"from": [7.67425, 7.73177, 10.54247],
			"to": [7.98982, 7.8942, 11.38706],
			"rotation": {"angle": 0, "axis": "x", "origin": [7.83204, 7.81298, 11.19448]},
			"faces": {
				"north": {"uv": [0, 0, 0.26563, 0.13672], "rotation": 180, "texture": "#0"},
				"east": {"uv": [0, 0, 0.13672, 0.71094], "rotation": 270, "texture": "#0"},
				"west": {"uv": [0, 0, 0.13672, 0.71094], "rotation": 90, "texture": "#0"},
				"up": {"uv": [0, 0, 0.26563, 0.71094], "rotation": 180, "texture": "#0"},
				"down": {"uv": [0, 0, 0.26563, 0.71094], "texture": "#0"}
			}
		},
		{
			"from": [7.67425, 7.8872, 10.29477],
			"to": [7.98982, 8.04962, 10.60569],
			"rotation": {"angle": 22.5, "axis": "x", "origin": [7.83204, 7.96841, 10.1834]},
			"faces": {
				"east": {"uv": [0, 0, 0.13672, 0.26172], "rotation": 270, "texture": "#0"},
				"west": {"uv": [0, 0, 0.13672, 0.26172], "rotation": 90, "texture": "#0"},
				"up": {"uv": [0, 0, 0.26563, 0.26172], "rotation": 180, "texture": "#0"},
				"down": {"uv": [0, 0, 0.26563, 0.26172], "texture": "#0"}
			}
		},
		{
			"from": [7.67425, 7.9369, 10.18183],
			"to": [7.98982, 8.03899, 10.35817],
			"rotation": {"angle": 45, "axis": "x", "origin": [7.83204, 8.01811, 10.20271]},
			"faces": {
				"east": {"uv": [0, 0, 0.08594, 0.14844], "rotation": 270, "texture": "#0"},
				"west": {"uv": [0, 0, 0.08594, 0.14844], "rotation": 90, "texture": "#0"},
				"down": {"uv": [0, 0, 0.26563, 0.14844], "texture": "#0"}
			}
		},
		{
			"from": [7.67425, 7.9959, 10.11324],
			"to": [7.98982, 8.45068, 10.32671],
			"rotation": {"angle": 0, "axis": "x", "origin": [7.83204, 8.22329, 10.27566]},
			"faces": {
				"east": {"uv": [0, 0, 0.17969, 0.38281], "rotation": 180, "texture": "#0"},
				"south": {"uv": [0, 0, 0.26563, 0.38281], "rotation": 180, "texture": "#0"},
				"west": {"uv": [0, 0, 0.17969, 0.38281], "rotation": 180, "texture": "#0"}
			}
		},
		{
			"from": [7.67425, 8.23257, 10.23389],
			"to": [7.98982, 8.49244, 10.32671],
			"rotation": {"angle": 22.5, "axis": "x", "origin": [7.83204, 8.22329, 10.27566]},
			"faces": {
				"east": {"uv": [0, 0, 0.07813, 0.21875], "rotation": 180, "texture": "#0"},
				"south": {"uv": [0, 0, 0.26563, 0.21875], "rotation": 180, "texture": "#0"},
				"west": {"uv": [0, 0, 0.07813, 0.21875], "rotation": 180, "texture": "#0"}
			}
		},
		{
			"from": [7.67425, 8.30373, 10.33322],
			"to": [7.98982, 8.35941, 10.51885],
			"rotation": {"angle": -45, "axis": "x", "origin": [7.83204, 8.35013, 10.33322]},
			"faces": {
				"east": {"uv": [0, 0, 0.04688, 0.15625], "rotation": 90, "texture": "#0"},
				"south": {"uv": [0, 0, 0.26563, 0.04688], "texture": "#0"},
				"west": {"uv": [0, 0, 0.04688, 0.15625], "rotation": 270, "texture": "#0"},
				"down": {"uv": [0, 0, 0.26563, 0.15625], "rotation": 180, "texture": "#0"}
			}
		},
		{
			"from": [7.67425, 8.02237, 10.21972],
			"to": [7.98982, 8.16623, 10.31254],
			"rotation": {"angle": -22.5, "axis": "x", "origin": [7.83204, 8.17087, 10.47496]},
			"faces": {
				"east": {"uv": [0, 0, 0.07813, 0.12109], "rotation": 180, "texture": "#0"},
				"south": {"uv": [0, 0, 0.26563, 0.12109], "rotation": 180, "texture": "#0"},
				"west": {"uv": [0, 0, 0.07813, 0.12109], "rotation": 180, "texture": "#0"}
			}
		},
		{
			"from": [7.67425, 8.06159, 10.0989],
			"to": [7.98982, 8.108, 10.23348],
			"rotation": {"angle": 45, "axis": "x", "origin": [7.83204, 8.1428, 10.07802]},
			"faces": {
				"east": {"uv": [0, 0, 0.03906, 0.11328], "rotation": 270, "texture": "#0"},
				"west": {"uv": [0, 0, 0.03906, 0.11328], "rotation": 90, "texture": "#0"},
				"down": {"uv": [0, 0, 0.26563, 0.11328], "texture": "#0"}
			}
		},
		{
			"from": [7.67425, 8.24189, 9.23017],
			"to": [7.98982, 8.49249, 9.83809],
			"rotation": {"angle": 22.5, "axis": "x", "origin": [7.83204, 8.2651, 9.7708]},
			"faces": {
				"east": {"uv": [0, 0, 0.21094, 0.51172], "rotation": 270, "texture": "#0"},
				"south": {"uv": [0, 0, 0.26563, 0.21094], "texture": "#0"},
				"west": {"uv": [0, 0, 0.21094, 0.51172], "rotation": 90, "texture": "#0"},
				"up": {"uv": [0, 0, 0.26563, 0.51172], "rotation": 180, "texture": "#0"},
				"down": {"uv": [0, 0, 0.26563, 0.51172], "texture": "#0"}
			}
		},
		{
			"from": [7.67425, 7.88731, 9.66161],
			"to": [7.98982, 8.25856, 9.93077],
			"rotation": {"angle": 45, "axis": "x", "origin": [7.83204, 7.96852, 10.18833]},
			"faces": {
				"north": {"uv": [0, 0, 0.26563, 0.3125], "rotation": 180, "texture": "#0"},
				"east": {"uv": [0, 0, 0.3125, 0.22656], "rotation": 270, "texture": "#0"},
				"west": {"uv": [0, 0, 0.3125, 0.22656], "rotation": 90, "texture": "#0"},
				"down": {"uv": [0, 0, 0.26563, 0.22656], "texture": "#0"}
			}
		},
		{
			"from": [7.67425, 7.99394, 9.92811],
			"to": [7.98982, 8.04963, 10.304],
			"rotation": {"angle": 22.5, "axis": "x", "origin": [7.83204, 7.99162, 10.18799]},
			"faces": {
				"east": {"uv": [0, 0, 0.04688, 0.31641], "rotation": 270, "texture": "#0"},
				"west": {"uv": [0, 0, 0.04688, 0.31641], "rotation": 90, "texture": "#0"},
				"down": {"uv": [0, 0, 0.26563, 0.31641], "texture": "#0"}
			}
		},
		{
			"from": [7.67425, 8.04963, 9.94668],
			"to": [7.98982, 8.21205, 10.08589],
			"rotation": {"angle": 22.5, "axis": "x", "origin": [7.83204, 7.99162, 10.18799]},
			"faces": {
				"east": {"uv": [0, 0, 0.13672, 0.11719], "rotation": 270, "texture": "#0"},
				"west": {"uv": [0, 0, 0.13672, 0.11719], "rotation": 90, "texture": "#0"}
			}
		},
		{
			"from": [7.54893, 9.2339, -4.23472],
			"to": [8.11514, 9.80005, 6.95383],
			"rotation": {"angle": 0, "axis": "x", "origin": [8.14293, 9.17125, 12.40424]},
			"faces": {
				"north": {"uv": [0, 0, 0.4766, 0.47656], "texture": "#0"},
				"east": {"uv": [3, 10, 12.41797, 12], "texture": "#0"},
				"west": {"uv": [3, 9, 12.41797, 11], "texture": "#0"},
				"up": {"uv": [3.58203, 5, 13, 7], "rotation": 90, "texture": "#0"},
				"down": {"uv": [0, 0, 0.4766, 9.41797], "texture": "#0"}
			}
		},
		{
			"from": [7.54893, 8.47283, -0.36908],
			"to": [8.11514, 9.03899, 6.95383],
			"rotation": {"angle": 0, "axis": "x", "origin": [8.14293, 9.17125, 12.40424]},
			"faces": {
				"north": {"uv": [0, 0, 0.4766, 0.47656], "texture": "#0"},
				"east": {"uv": [9, 13, 15.16406, 15], "texture": "#0"},
				"west": {"uv": [6, 10, 12.16406, 12], "texture": "#0"},
				"up": {"uv": [0, 0, 0.4766, 6.16406], "texture": "#0"},
				"down": {"uv": [0, 0, 0.4766, 6.16406], "texture": "#0"}
			}
		},
		{
			"from": [7.67425, 9.03899, -0.02567],
			"to": [7.98982, 9.2339, 6.95383],
			"rotation": {"angle": 0, "axis": "x", "origin": [7.83204, 9.73741, 12.40424]},
			"faces": {
				"north": {"uv": [0, 0, 0.26563, 0.16406], "texture": "#0"},
				"east": {"uv": [0, 0, 5.875, 0.16406], "texture": "#0"},
				"west": {"uv": [0, 15, 5.875, 15.16406], "texture": "#0"}
			}
		},
		{
			"from": [7.49791, 8.44963, 10.93548],
			"to": [8.16616, 9.58194, 11.88217],
			"rotation": {"angle": 0, "axis": "x", "origin": [7.83204, 9.17125, 15.36496]},
			"faces": {
				"east": {"uv": [0, 0, 2, 1.95313], "texture": "#0"},
				"south": {"uv": [0, 0, 0.5625, 0.95313], "texture": "#0"},
				"west": {"uv": [0, 0, 2, 1.95313], "texture": "#0"},
				"up": {"uv": [0, 0, 0.5625, 0.79688], "texture": "#0"},
				"down": {"uv": [0, 0, 0.5625, 0.79688], "texture": "#0"}
			}
		},
		{
			"from": [7.49791, 9.5773, 10.93548],
			"to": [8.16616, 9.75829, 11.45523],
			"rotation": {"angle": 0, "axis": "x", "origin": [7.83204, 9.17125, 15.36496]},
			"faces": {
				"east": {"uv": [0, 0, 0.4375, 0.15234], "texture": "#0"},
				"south": {"uv": [0, 0, 0.5625, 0.15234], "texture": "#0"},
				"west": {"uv": [0, 0, 0.4375, 0.15234], "texture": "#0"},
				"up": {"uv": [0, 0, 0.5625, 0.4375], "texture": "#0"}
			}
		},
		{
			"from": [7.49821, 9.62396, 10.88107],
			"to": [8.16598, 9.80495, 11.2384],
			"rotation": {"angle": 22.5, "axis": "x", "origin": [7.83204, 9.71445, 11.14095]},
			"faces": {
				"north": {"uv": [0, 0, 0.5621, 0.15234], "texture": "#0"},
				"east": {"uv": [0, 0, 0.30078, 0.15234], "texture": "#0"},
				"south": {"uv": [0, 0, 0.5621, 0.15234], "texture": "#0"},
				"west": {"uv": [0, 0, 0.30078, 0.15234], "texture": "#0"},
				"up": {"uv": [0, 0, 2, 2], "texture": "#0"}
			}
		},
		{
			"from": [7.49821, 9.64376, 11.23748],
			"to": [8.16598, 9.80618, 11.70154],
			"rotation": {"angle": 22.5, "axis": "x", "origin": [7.83204, 9.24002, 11.2282]},
			"faces": {
				"north": {"uv": [0, 0, 0.5621, 0.13672], "texture": "#0"},
				"east": {"uv": [0, 0, 0.39063, 0.13672], "texture": "#0"},
				"west": {"uv": [0, 0, 0.39063, 0.13672], "texture": "#0"},
				"up": {"uv": [1, 0, 3, 2], "texture": "#0"},
				"down": {"uv": [0, 0, 0.5621, 0.39063], "texture": "#0"}
			}
		},
		{
			"from": [7.79534, 8.13021, 11.07763],
			"to": [7.86872, 8.47623, 11.18394],
			"rotation": {"angle": 0, "axis": "x", "origin": [7.83203, 7.81298, 10.89055]},
			"faces": {
				"north": {"uv": [0, 0, 0.26563, 0.13672], "rotation": 180, "texture": "#0"},
				"east": {"uv": [0, 0, 0.13672, 0.71094], "rotation": 270, "texture": "#0"},
				"south": {"uv": [0, 0, 0.26563, 0.13672], "texture": "#0"},
				"west": {"uv": [0, 0, 0.13672, 0.71094], "rotation": 90, "texture": "#0"}
			}
		},
		{
			"from": [7.79534, 7.96546, 11.01063],
			"to": [7.86872, 8.17867, 11.12475],
			"rotation": {"angle": 22.5, "axis": "x", "origin": [7.83203, 8.00565, 11.03253]},
			"faces": {
				"north": {"uv": [0, 0, 0.26563, 0.13672], "rotation": 180, "texture": "#0"},
				"east": {"uv": [0, 0, 0.13672, 0.71094], "rotation": 270, "texture": "#0"},
				"south": {"uv": [0, 0, 0.26563, 0.13672], "texture": "#0"},
				"west": {"uv": [0, 0, 0.13672, 0.71094], "rotation": 90, "texture": "#0"},
				"down": {"uv": [0, 0, 0.26563, 0.71094], "texture": "#0"}
			}
		},
		{
			"from": [7.80674, 9.79249, -3.76987],
			"to": [7.85732, 10.0813, -3.4407],
			"rotation": {"angle": 0, "axis": "x", "origin": [8.14293, 9.17125, 12.40424]},
			"faces": {
				"north": {"uv": [0, 0, 0.4766, 0.47656], "texture": "#0"},
				"east": {"uv": [0, 0, 9.41797, 0.47656], "texture": "#0"},
				"south": {"uv": [0, 0, 0.4766, 0.47656], "texture": "#0"},
				"west": {"uv": [0, 0, 9.41797, 0.47656], "texture": "#0"},
				"up": {"uv": [0, 0, 0.4766, 9.41797], "texture": "#0"}
			}
		}
	],
	"gui_light": "front",
	"display": {
		"thirdperson_righthand": {
			"translation": [0, -0.25, -3.5]
		},
		"thirdperson_lefthand": {
			"translation": [0, -0.25, -3.5]
		},
		"firstperson_righthand": {
			"translation": [-6.75, 14.25, 5.25],
			"scale": [1, 1, 0.7]
		},
		"firstperson_lefthand": {
			"translation": [-6.75, 4.75, 5.25],
			"scale": [1, 1, 0.7]
		},
		"gui": {
			"rotation": [-90, 135, 90],
			"translation": [-0.25, 0.25, 0],
			"scale": [0.84, 0.84, 0.84]
		},
		"fixed": {
			"rotation": [-90, -135, -90],
			"translation": [2, 0.75, -1],
			"scale": [1.5, 1.5, 1.5]
		}
	},
	"groups": [
		0,
		1,
		2,
		3,
		{
			"name": "group",
			"origin": [8.0348, 8.5315, 12.07474],
			"color": 0,
			"nbt": "{}",
			"armAnimationEnabled": false,
			"children": [4, 5, 6, 7, 8, 9, 10, 11, 12, 13, 14, 15, 16, 17, 18, 19, 20, 21, 22, 23, 24, 25, 26, 27]
		},
		{
			"name": "group",
			"origin": [8.31089, 8.5315, 12.07474],
			"color": 0,
			"nbt": "{}",
			"armAnimationEnabled": false,
			"children": [28, 29, 30, 31, 32, 33, 34, 35, 36, 37, 38, 39, 40, 41, 42, 43, 44, 45, 46, 47, 48, 49, 50, 51, 52, 53, 54]
		}
	]
}