{
	"credit": "Made with Blockbench",
	"textures": {
		"0": "hd_guns:block/stripped_spruce_log",
		"1": "hd_guns:block/iron_block",
		"2": "hd_guns:block/gray_concrete",
		"3": "hd_guns:block/gold_block",
		"particle": "hd_guns:block/stripped_spruce_log"
	},
	"elements": [
		{
			"from": [7.68, 6.1101, 12.22587],
			"to": [8.31974, 8.41261, 13.27087],
			"rotation": {"angle": -22.5, "axis": "x", "origin": [7.99986, 6.17261, 12.86837]},
			"faces": {
				"north": {"uv": [0, 0, 11.63281, 11.59766], "texture": "#0"},
				"east": {"uv": [0, 0, 11.63281, 11.59766], "texture": "#0"},
				"south": {"uv": [0, 0, 11.63281, 11.59766], "texture": "#0"},
				"west": {"uv": [0, 0, 11.63281, 11.59766], "texture": "#0"},
				"up": {"uv": [0, 0, 11.63281, 11.59766], "texture": "#0"}
			}
		},
		{
			"from": [7.67986, 7.67431, 13.12854],
			"to": [8.31986, 7.86931, 13.21104],
			"rotation": {"angle": -45, "axis": "x", "origin": [7.99986, 7.13056, 12.35104]},
			"faces": {
				"north": {"uv": [0, 0, 10.12891, 8.30469], "texture": "#0"},
				"east": {"uv": [0, 0, 10.12891, 8.30469], "texture": "#0"},
				"south": {"uv": [0, 0, 10.12891, 8.30469], "texture": "#0"},
				"west": {"uv": [0, 0, 10.12891, 8.30469], "texture": "#0"},
				"up": {"uv": [0, 0, 10.12891, 8.30469], "texture": "#0"}
			}
		},
		{
			"from": [7.67986, 5.99032, 12.50753],
			"to": [8.31986, 8.10782, 12.61004],
			"rotation": {"angle": -22.5, "axis": "x", "origin": [7.99986, 8.02657, 12.55379]},
			"faces": {
				"north": {"uv": [0, 0, 10.16016, 11.30859], "texture": "#0"},
				"east": {"uv": [0, 0, 10.16016, 11.30859], "texture": "#0"},
				"south": {"uv": [0, 0, 10.16016, 11.30859], "texture": "#0"},
				"west": {"uv": [0, 0, 10.16016, 11.30859], "texture": "#0"},
				"up": {"uv": [0, 0, 10.16016, 11.30859], "texture": "#0"},
				"down": {"uv": [0, 0, 10.16016, 11.30859], "texture": "#0"}
			}
		},
		{
			"from": [7.67986, 8.40877, 13.21408],
			"to": [8.31986, 8.61627, 13.28158],
			"rotation": {"angle": -22.5, "axis": "x", "origin": [7.99986, 6.14377, 12.86408]},
			"faces": {
				"north": {"uv": [0, 0, 10.10547, 8.32422], "texture": "#0"},
				"east": {"uv": [0, 0, 10.10547, 8.32422], "texture": "#0"},
				"south": {"uv": [0, 0, 10.10547, 8.32422], "texture": "#0"},
				"west": {"uv": [0, 0, 10.10547, 8.32422], "texture": "#0"},
				"up": {"uv": [0, 0, 10.10547, 8.32422], "texture": "#0"},
				"down": {"uv": [0, 0, 10.10547, 8.32422], "texture": "#0"}
			}
		},
		{
			"from": [7.67986, 5.86899, 12.30369],
			"to": [8.31986, 6.47149, 13.24869],
			"rotation": {"angle": 0, "axis": "x", "origin": [7.99986, 6.65149, 12.5712]},
			"faces": {
				"north": {"uv": [0, 0, 11.47656, 8.94141], "texture": "#0"},
				"east": {"uv": [0, 0, 11.47656, 8.94141], "texture": "#0"},
				"west": {"uv": [0, 0, 11.47656, 8.94141], "texture": "#0"},
				"up": {"uv": [0, 0, 11.47656, 8.94141], "texture": "#0"},
				"down": {"uv": [0, 0, 11.47656, 8.94141], "texture": "#0"}
			}
		},
		{
			"from": [7.67986, 6.06405, 13.10802],
			"to": [8.31986, 6.40156, 13.28302],
			"rotation": {"angle": 22.5, "axis": "x", "origin": [7.99986, 6.05281, 12.77552]},
			"faces": {
				"east": {"uv": [0, 0, 10.27344, 8.52734], "texture": "#0"},
				"south": {"uv": [0, 0, 10.27344, 8.52734], "texture": "#0"},
				"west": {"uv": [0, 0, 10.27344, 8.52734], "texture": "#0"}
			}
		},
		{
			"from": [7.67994, 8.09126, 11.87808],
			"to": [8.31981, 8.64626, 12.35057],
			"rotation": {"angle": 0, "axis": "x", "origin": [7.99986, 8.28501, 11.62808]},
			"faces": {
				"north": {"uv": [0, 0, 10.73828, 8.86719], "texture": "#0"},
				"east": {"uv": [0, 0, 10.73828, 8.86719], "texture": "#0"},
				"south": {"uv": [0, 0, 10.73828, 8.86719], "texture": "#0"},
				"west": {"uv": [0, 0, 10.73828, 8.86719], "texture": "#0"},
				"up": {"uv": [0, 0, 10.73828, 8.86719], "texture": "#0"},
				"down": {"uv": [0, 0, 10.73828, 8.86719], "texture": "#0"}
			}
		},
		{
			"from": [7.67986, 8.58377, 11.87808],
			"to": [8.31986, 8.75377, 12.09308],
			"rotation": {"angle": 0, "axis": "x", "origin": [7.99986, 8.28501, 11.62808]},
			"faces": {
				"north": {"uv": [0, 0, 10.33594, 8.26563], "texture": "#0"},
				"east": {"uv": [0, 0, 10.33594, 8.26563], "texture": "#0"},
				"south": {"uv": [0, 0, 10.33594, 8.26563], "texture": "#0"},
				"west": {"uv": [0, 0, 10.33594, 8.26563], "texture": "#0"},
				"up": {"uv": [0, 0, 10.33594, 8.26563], "texture": "#0"},
				"down": {"uv": [0, 0, 10.33594, 8.26563], "texture": "#0"}
			}
		},
		{
			"from": [7.68, 8.55014, 12.0471],
			"to": [8.31974, 8.72014, 12.3296],
			"rotation": {"angle": 22.5, "axis": "x", "origin": [7.99986, 8.64889, 12.1546]},
			"faces": {
				"north": {"uv": [0, 0, 10.44141, 8.26563], "texture": "#0"},
				"east": {"uv": [0, 0, 10.44141, 8.26563], "texture": "#0"},
				"south": {"uv": [0, 0, 10.44141, 8.26563], "texture": "#0"},
				"west": {"uv": [0, 0, 10.44141, 8.26563], "texture": "#0"},
				"up": {"uv": [0, 0, 10.44141, 8.26563], "texture": "#0"}
			}
		},
		{
			"from": [7.67986, 8.71739, 11.86488],
			"to": [8.31986, 8.77489, 12.01739],
			"rotation": {"angle": 22.5, "axis": "x", "origin": [7.99986, 8.70364, 11.96239]},
			"faces": {
				"north": {"uv": [0, 0, 10.23828, 8.08984], "texture": "#0"},
				"east": {"uv": [0, 0, 10.23828, 8.08984], "texture": "#0"},
				"west": {"uv": [0, 0, 10.23828, 8.08984], "texture": "#0"},
				"up": {"uv": [0, 0, 10.23828, 8.08984], "texture": "#0"},
				"down": {"uv": [0, 0, 10.23828, 8.08984], "texture": "#0"}
			}
		},
		{
			"from": [7.7561, 7.37377, 11.09057],
			"to": [8.2436, 8.08126, 11.64308],
			"rotation": {"angle": 0, "axis": "x", "origin": [8.0761, 8.28501, 11.88308]},
			"faces": {
				"north": {"uv": [0, 0, 3.86328, 3.10547], "texture": "#1"},
				"east": {"uv": [0, 3, 7.86328, 6.10547], "texture": "#1"},
				"west": {"uv": [0, 4, 7.86328, 7.10547], "texture": "#1"},
				"down": {"uv": [0, 0, 3.86328, 3.10547], "texture": "#1"}
			}
		},
		{
			"from": [7.75616, 7.72626, 11.08557],
			"to": [8.24352, 8.18126, 11.25308],
			"rotation": {"angle": -22.5, "axis": "x", "origin": [7.99986, 7.72751, 11.25182]},
			"faces": {
				"north": {"uv": [0, 0, 3.26172, 2.71094], "texture": "#1"},
				"east": {"uv": [0, 3, 7.86328, 6.10547], "texture": "#1"},
				"west": {"uv": [0, 4, 7.86328, 7.10547], "texture": "#1"}
			}
		},
		{
			"from": [7.75622, 7.88113, 10.71832],
			"to": [8.24346, 8.03863, 11.06581],
			"rotation": {"angle": 22.5, "axis": "x", "origin": [7.99986, 8.02738, 11.03832]},
			"faces": {
				"east": {"uv": [0, 3, 7.86328, 6.10547], "texture": "#1"},
				"south": {"uv": [0, 0, 3.24609, 2.54297], "rotation": 270, "texture": "#1"},
				"west": {"uv": [0, 4, 7.86328, 7.10547], "texture": "#1"},
				"down": {"uv": [0, 0, 3.24609, 2.54297], "rotation": 270, "texture": "#1"}
			}
		},
		{
			"from": [7.89741, 7.59555, 10.5686],
			"to": [8.10227, 8.00805, 10.73609],
			"rotation": {"angle": 0, "axis": "x", "origin": [7.8586, 7.89429, 10.7586]},
			"faces": {
				"north": {"uv": [0, 0, 3.64453, 2.26172], "rotation": 270, "texture": "#1"},
				"east": {"uv": [0, 3, 7.86328, 6.10547], "texture": "#1"},
				"south": {"uv": [0, 0, 3.64453, 2.26172], "rotation": 270, "texture": "#1"},
				"west": {"uv": [0, 4, 7.86328, 7.10547], "texture": "#1"}
			}
		},
		{
			"from": [7.89735, 7.77055, 10.72109],
			"to": [8.10235, 7.94805, 10.99109],
			"rotation": {"angle": -22.5, "axis": "x", "origin": [7.8586, 7.8018, 10.65234]},
			"faces": {
				"north": {"uv": [0, 0, 3.27734, 2.42188], "rotation": 270, "texture": "#1"},
				"east": {"uv": [0, 3, 7.86328, 6.10547], "texture": "#1"},
				"west": {"uv": [0, 4, 7.86328, 7.10547], "texture": "#1"},
				"up": {"uv": [5, 0, 10, 2.42188], "rotation": 270, "texture": "#1"},
				"down": {"uv": [0, 0, 3.27734, 2.42188], "rotation": 270, "texture": "#1"}
			}
		},
		{
			"from": [7.89735, 7.3508, 10.49604],
			"to": [8.10235, 7.64329, 10.66354],
			"rotation": {"angle": 22.5, "axis": "x", "origin": [7.8586, 7.43705, 10.57979]},
			"faces": {
				"north": {"uv": [0, 0, 3.45703, 2.26172], "rotation": 270, "texture": "#1"},
				"east": {"uv": [0, 3, 7.86328, 6.10547], "texture": "#1"},
				"south": {"uv": [0, 0, 3.45703, 2.26172], "rotation": 270, "texture": "#1"},
				"west": {"uv": [0, 4, 7.86328, 7.10547], "texture": "#1"},
				"up": {"uv": [5, 0, 10, 2.26172], "rotation": 270, "texture": "#1"},
				"down": {"uv": [0, 0, 3.45703, 2.26172], "rotation": 270, "texture": "#1"}
			}
		},
		{
			"from": [7.7561, 7.9986, 10.08076],
			"to": [8.2436, 8.08609, 10.72327],
			"rotation": {"angle": 0, "axis": "x", "origin": [7.99986, 8.09609, 10.79076]},
			"faces": {
				"north": {"uv": [0, 0, 3.13672, 3.00391], "rotation": 270, "texture": "#1"},
				"east": {"uv": [1, 3, 8.86328, 6.10547], "texture": "#1"},
				"south": {"uv": [0, 0, 3.13672, 3.00391], "rotation": 270, "texture": "#1"},
				"west": {"uv": [1, 4, 8.86328, 7.10547], "texture": "#1"},
				"down": {"uv": [0, 0, 3.13672, 3.00391], "rotation": 270, "texture": "#1"}
			}
		},
		{
			"from": [7.75616, 8.13684, 9.95226],
			"to": [8.24352, 8.32684, 10.19226],
			"rotation": {"angle": -45, "axis": "x", "origin": [7.99986, 8.02433, 10.31726]},
			"faces": {
				"north": {"uv": [0, 0, 3.29688, 2.375], "rotation": 270, "texture": "#1"},
				"east": {"uv": [1, 3, 8.86328, 6.10547], "texture": "#1"},
				"west": {"uv": [1, 4, 8.86328, 7.10547], "texture": "#1"},
				"down": {"uv": [0, 0, 3.29688, 2.375], "rotation": 270, "texture": "#1"}
			}
		},
		{
			"from": [7.84375, 7.59126, 9.83057],
			"to": [8.15625, 7.78126, 9.97495],
			"rotation": {"angle": 0, "axis": "x", "origin": [8.09813, 8.28501, 11.88308]},
			"faces": {
				"north": {"uv": [1, 1, 4.23047, 2.76563], "texture": "#1"},
				"east": {"uv": [1, 3, 1.86328, 6.10547], "texture": "#1"},
				"south": {"uv": [0, 0, 3.23047, 2.76563], "texture": "#1"},
				"west": {"uv": [1, 4, 8.86328, 7.10547], "texture": "#1"},
				"down": {"uv": [0, 0, 3.23047, 2.76563], "texture": "#1"}
			}
		},
		{
			"from": [7.7561, 7.76626, 9.83057],
			"to": [8.2436, 8.08126, 9.97808],
			"rotation": {"angle": 0, "axis": "x", "origin": [8.0761, 8.28501, 11.88308]},
			"faces": {
				"north": {"uv": [1, 1, 4.23047, 2.76563], "texture": "#1"},
				"east": {"uv": [1, 3, 1.86328, 6.10547], "texture": "#1"},
				"south": {"uv": [0, 0, 3.23047, 2.76563], "texture": "#1"},
				"west": {"uv": [1, 4, 8.86328, 7.10547], "texture": "#1"},
				"down": {"uv": [0, 0, 3.23047, 2.76563], "texture": "#1"}
			}
		},
		{
			"from": [7.75622, 7.66877, 9.77308],
			"to": [8.24346, 8.08126, 9.93557],
			"rotation": {"angle": -22.5, "axis": "x", "origin": [7.99986, 7.83626, 9.67932]},
			"faces": {
				"north": {"uv": [1, 1, 4.25391, 2.64453], "texture": "#1"},
				"east": {"uv": [0, 3, 1, 6.10547], "texture": "#1"},
				"south": {"uv": [0, 0, 3.25391, 2.64453], "texture": "#1"},
				"west": {"uv": [0, 4, 0.86328, 7.10547], "texture": "#1"},
				"down": {"uv": [0, 0, 3.25391, 2.64453], "texture": "#1"}
			}
		},
		{
			"from": [7.75616, 7.85778, 9.61992],
			"to": [8.24352, 8.02029, 9.79492],
			"rotation": {"angle": 22.5, "axis": "x", "origin": [7.99986, 7.93903, 9.82617]},
			"faces": {
				"east": {"uv": [0, 3, 1, 6.10547], "texture": "#1"},
				"south": {"uv": [0, 0, 3.25391, 2.27344], "rotation": 270, "texture": "#1"},
				"west": {"uv": [0, 4, 0.86328, 7.10547], "texture": "#1"},
				"up": {"uv": [5, 0, 10, 2.27344], "rotation": 270, "texture": "#1"},
				"down": {"uv": [1, 1, 4.25391, 3.27344], "rotation": 270, "texture": "#1"}
			}
		},
		{
			"from": [7.7561, 7.91877, 8.93308],
			"to": [8.2436, 8.08126, 9.68057],
			"rotation": {"angle": 0, "axis": "x", "origin": [7.99986, 8.00001, 9.02057]},
			"faces": {
				"north": {"uv": [1, 1, 3.25391, 3.16797], "rotation": 270, "texture": "#1"},
				"east": {"uv": [8.13672, 12.89453, 16, 16], "texture": "#1"},
				"south": {"uv": [0, 0, 3.25391, 3.16797], "rotation": 270, "texture": "#1"},
				"west": {"uv": [0, 12.89453, 7.86328, 16], "texture": "#1"},
				"down": {"uv": [1, 1, 4.25391, 2.16797], "rotation": 270, "texture": "#1"}
			}
		},
		{
			"from": [7.89744, 7.21368, 9.99697],
			"to": [8.10232, 7.70368, 10.11197],
			"rotation": {"angle": -45, "axis": "x", "origin": [7.8586, 7.45868, 10.05448]},
			"faces": {
				"north": {"uv": [0, 0, 3.17969, 2.76563], "texture": "#1"},
				"east": {"uv": [0, 3, 7.86328, 6.10547], "texture": "#1"},
				"south": {"uv": [0, 0, 3.17969, 2.76563], "texture": "#1"},
				"west": {"uv": [0, 4, 7.86328, 7.10547], "texture": "#1"}
			}
		},
		{
			"from": [7.89735, 7.15407, 10.1531],
			"to": [8.10235, 7.26907, 10.5056],
			"rotation": {"angle": 22.5, "axis": "x", "origin": [7.8586, 7.11407, 10.3981]},
			"faces": {
				"east": {"uv": [0, 3, 7.86328, 6.10547], "texture": "#1"},
				"south": {"uv": [0, 0, 3.17969, 2.55078], "rotation": 270, "texture": "#1"},
				"west": {"uv": [0, 4, 7.86328, 7.10547], "texture": "#1"},
				"up": {"uv": [5, 0, 10, 2.55078], "rotation": 270, "texture": "#1"},
				"down": {"uv": [0, 0, 3.17969, 2.55078], "rotation": 270, "texture": "#1"}
			}
		},
		{
			"from": [7.89741, 7.10989, 10.51272],
			"to": [8.10227, 7.22489, 10.98522],
			"rotation": {"angle": 0, "axis": "x", "origin": [7.8586, 7.08489, 10.68897]},
			"faces": {
				"east": {"uv": [0, 3, 7.86328, 6.10547], "texture": "#1"},
				"south": {"uv": [0, 0, 3.17969, 2.73828], "rotation": 270, "texture": "#1"},
				"west": {"uv": [0, 4, 7.86328, 7.10547], "texture": "#1"},
				"up": {"uv": [5, 0, 10, 2.73828], "rotation": 270, "texture": "#1"},
				"down": {"uv": [0, 0, 3.17969, 2.73828], "rotation": 270, "texture": "#1"}
			}
		},
		{
			"from": [7.89735, 7.15097, 10.92285],
			"to": [8.10235, 7.26597, 11.23785],
			"rotation": {"angle": -45, "axis": "x", "origin": [7.8586, 7.20848, 11.0066]},
			"faces": {
				"north": {"uv": [0, 0, 3.17969, 2.49219], "rotation": 270, "texture": "#1"},
				"east": {"uv": [0, 3, 7.86328, 6.10547], "texture": "#1"},
				"west": {"uv": [0, 4, 7.86328, 7.10547], "texture": "#1"},
				"up": {"uv": [5, 0, 10, 2.49219], "rotation": 270, "texture": "#1"},
				"down": {"uv": [0, 0, 3.17969, 2.49219], "rotation": 270, "texture": "#1"}
			}
		},
		{
			"from": [7.7561, 8.08126, 8.93308],
			"to": [8.2436, 8.80377, 11.89057],
			"rotation": {"angle": 0, "axis": "x", "origin": [8.0761, 8.28501, 11.62808]},
			"faces": {
				"north": {"uv": [1, 1, 8.62109, 3.12891], "texture": "#1"},
				"east": {"uv": [0, 12.89453, 14.86328, 16], "texture": "#1"},
				"west": {"uv": [1, 12.89453, 16, 16], "texture": "#1"},
				"up": {"uv": [5, 0, 10, 3.12891], "texture": "#1"},
				"down": {"uv": [0, 0, 7.62109, 3.12891], "texture": "#1"}
			}
		},
		{
			"from": [7.7561, 8.79626, 11.57808],
			"to": [8.2436, 8.86377, 11.88057],
			"rotation": {"angle": 22.5, "axis": "x", "origin": [7.99986, 8.78751, 11.74682]},
			"faces": {
				"north": {"uv": [0, 0, 3.47266, 2.10547], "texture": "#1"},
				"east": {"uv": [0, 3, 1, 6.10547], "texture": "#1"},
				"west": {"uv": [0, 4, 1, 7.10547], "texture": "#1"},
				"up": {"uv": [0, 0, 16, 2.10547], "texture": "#1"},
				"down": {"uv": [0, 0, 3.47266, 2.10547], "texture": "#1"}
			}
		},
		{
			"from": [7.75616, 8.68877, 8.93308],
			"to": [8.24352, 9.07126, 9.16808],
			"rotation": {"angle": -22.5, "axis": "x", "origin": [7.99986, 8.44251, 10.16182]},
			"faces": {
				"north": {"uv": [1, 1, 4.36719, 2.59766], "texture": "#1"},
				"east": {"uv": [0, 3, 0.86328, 6.10547], "texture": "#1"},
				"west": {"uv": [0, 4, 0.86328, 7.10547], "texture": "#1"},
				"down": {"uv": [0, 0, 3.36719, 2.59766], "texture": "#1"}
			}
		},
		{
			"from": [7.7561, 8.54877, 8.78308],
			"to": [8.2436, 8.80377, 8.93308],
			"rotation": {"angle": 0, "axis": "x", "origin": [7.99986, 8.70126, 8.89682]},
			"faces": {
				"north": {"uv": [1, 1, 5.23438, 3.39844], "texture": "#1"},
				"east": {"uv": [0, 3, 0.86328, 6.10547], "texture": "#1"},
				"west": {"uv": [0, 4, 0.86328, 7.10547], "texture": "#1"},
				"down": {"uv": [0, 0, 3.23438, 2.39844], "texture": "#1"}
			}
		},
		{
			"from": [7.7561, 8.80377, 8.78308],
			"to": [8.2436, 9.76126, 11.22557],
			"rotation": {"angle": 0, "axis": "x", "origin": [8.0761, 8.15251, 11.62808]},
			"faces": {
				"north": {"uv": [1, 0, 7.81641, 2.49609], "texture": "#1"},
				"east": {"uv": [1, 11.89453, 16, 15], "texture": "#1"},
				"south": {"uv": [0, 1, 16, 4.49609], "texture": "#1"},
				"west": {"uv": [0, 11.89453, 15, 15], "texture": "#1"},
				"up": {"uv": [1, 0, 15, 14.49609], "texture": "#1"},
				"down": {"uv": [0, 0, 0, 0], "texture": "#1"}
			}
		},
		{
			"from": [7.87986, 9.73877, 9.68808],
			"to": [8.11986, 9.77626, 11.25808],
			"rotation": {"angle": 0, "axis": "x", "origin": [8.13235, 9.79501, 11.62808]},
			"faces": {
				"north": {"uv": [0, 0, 0.375, 0.05859], "texture": "#2"},
				"east": {"uv": [0, 0, 2.45313, 0.05859], "texture": "#2"},
				"west": {"uv": [0, 0, 2.45313, 0.05859], "texture": "#2"},
				"up": {"uv": [0, 0, 0.375, 2.45313], "texture": "#2"}
			}
		},
		{
			"from": [7.8286, 9.70626, 11.17057],
			"to": [8.1711, 9.84629, 11.31057],
			"rotation": {"angle": 0, "axis": "x", "origin": [8.1486, 9.76251, 11.62808]},
			"faces": {
				"north": {"uv": [0, 0, 0.53516, 0.2188], "texture": "#2"},
				"east": {"uv": [0, 0, 0.21875, 0.2188], "texture": "#2"},
				"south": {"uv": [0, 0, 0.53516, 0.2188], "texture": "#2"},
				"west": {"uv": [0, 0, 0.21875, 0.2188], "texture": "#2"},
				"up": {"uv": [0, 0, 0.53516, 0.21875], "texture": "#2"},
				"down": {"uv": [0, 0, 0.53516, 0.21875], "texture": "#2"}
			}
		},
		{
			"from": [7.8286, 9.84629, 11.24057],
			"to": [7.9461, 9.9038, 11.28057],
			"rotation": {"angle": 0, "axis": "x", "origin": [7.99986, 9.92005, 11.23682]},
			"faces": {
				"north": {"uv": [0, 0, 0.18359, 0.08984], "texture": "#2"},
				"east": {"uv": [0, 0, 0.0625, 0.08984], "texture": "#2"},
				"south": {"uv": [0, 0, 0.18359, 0.08984], "texture": "#2"},
				"west": {"uv": [0, 0, 0.0625, 0.08984], "texture": "#2"},
				"up": {"uv": [0, 0, 0.18359, 0.0625], "texture": "#2"}
			}
		},
		{
			"from": [8.0536, 9.84629, 11.24057],
			"to": [8.1711, 9.9038, 11.28057],
			"rotation": {"angle": 0, "axis": "x", "origin": [8.11235, 9.87505, 11.26057]},
			"faces": {
				"north": {"uv": [0, 0, 0.18359, 0.08984], "texture": "#2"},
				"east": {"uv": [0, 0, 0.0625, 0.08984], "texture": "#2"},
				"south": {"uv": [0, 0, 0.18359, 0.08984], "texture": "#2"},
				"west": {"uv": [0, 0, 0.0625, 0.08984], "texture": "#2"},
				"up": {"uv": [0, 0, 0.18359, 0.0625], "texture": "#2"}
			}
		},
		{
			"from": [7.9711, 9.79129, 4.48057],
			"to": [8.0286, 9.9038, 4.99308],
			"rotation": {"angle": 0, "axis": "x", "origin": [8.02986, 9.87505, 4.86057]},
			"faces": {
				"north": {"uv": [0, 0, 0.08984, 0.17578], "texture": "#2"},
				"east": {"uv": [0, 0, 0.80078, 0.17578], "texture": "#2"},
				"south": {"uv": [0, 0, 0.08984, 0.17578], "texture": "#2"},
				"west": {"uv": [0, 0, 0.80078, 0.17578], "texture": "#2"},
				"up": {"uv": [0, 0, 0.08984, 0.80078], "texture": "#2"}
			}
		},
		{
			"from": [7.86735, 9.73877, 10.87808],
			"to": [8.13235, 9.82877, 11.17057],
			"rotation": {"angle": 0, "axis": "x", "origin": [8.10986, 9.79501, 11.54057]},
			"faces": {
				"north": {"uv": [0, 0, 0.41406, 0.14063], "texture": "#2"},
				"east": {"uv": [0, 0, 0.45703, 0.14063], "texture": "#2"},
				"west": {"uv": [0, 0, 0.45703, 0.14063], "texture": "#2"},
				"up": {"uv": [0, 0, 0.41406, 0.45703], "texture": "#2"}
			}
		},
		{
			"from": [7.99986, 9.16704, 9.3619],
			"to": [8.55282, 9.52, 10.87174],
			"rotation": {"angle": -45, "axis": "z", "origin": [8.27634, 9.24352, 10.11682]},
			"faces": {
				"north": {"uv": [0, 1, 16, 2], "texture": "#1"},
				"east": {"uv": [0, 6, 16, 9.10547], "texture": "#1"},
				"south": {"uv": [0, 1, 16, 2], "texture": "#1"},
				"west": {"uv": [0, 4, 7.86328, 7.10547], "texture": "#1"},
				"up": {"uv": [0, 2, 16, 5], "texture": "#1"}
			}
		},
		{
			"from": [7.4469, 9.16704, 9.3619],
			"to": [7.99986, 9.52, 10.87174],
			"rotation": {"angle": 45, "axis": "z", "origin": [7.72338, 9.24352, 10.11682]},
			"faces": {
				"north": {"uv": [0, 1, 16, 2], "texture": "#1"},
				"east": {"uv": [0, 3, 7.86328, 6.10547], "texture": "#1"},
				"south": {"uv": [0, 1, 16, 2], "texture": "#1"},
				"west": {"uv": [0, 0, 16, 3.10547], "texture": "#1"},
				"up": {"uv": [0, 2, 16, 5], "texture": "#1"}
			}
		},
		{
			"from": [7.72338, 9.08157, 9.36196],
			"to": [8.27634, 9.63453, 10.87166],
			"rotation": {"angle": 0, "axis": "z", "origin": [7.99986, 8.96704, 10.11682]},
			"faces": {
				"north": {"uv": [0, 0, 5.73046, 3], "texture": "#1"},
				"south": {"uv": [0, 0, 5.73046, 3], "texture": "#1"},
				"up": {"uv": [5, 0, 10, 3], "texture": "#1"}
			}
		},
		{
			"from": [7.72338, 8.29956, 9.3619],
			"to": [8.27634, 8.65252, 10.87174],
			"rotation": {"angle": -45, "axis": "z", "origin": [7.99986, 8.96704, 10.11682]},
			"faces": {
				"north": {"uv": [0, 1, 16, 2], "texture": "#1"},
				"east": {"uv": [0, 3, 7.86328, 6.10547], "texture": "#1"},
				"south": {"uv": [0, 1, 16, 2], "texture": "#1"},
				"west": {"uv": [0, 4, 7.86328, 7.10547], "texture": "#1"},
				"down": {"uv": [0, 11, 16, 14], "rotation": 180, "texture": "#1"}
			}
		},
		{
			"from": [7.99986, 8.41408, 9.3619],
			"to": [8.55282, 8.76704, 10.87174],
			"rotation": {"angle": 45, "axis": "z", "origin": [8.27634, 8.69056, 10.11682]},
			"faces": {
				"north": {"uv": [0, 1, 16, 2], "texture": "#1"},
				"east": {"uv": [0, 12.89453, 16, 16], "texture": "#1"},
				"south": {"uv": [0, 1, 16, 2], "texture": "#1"},
				"west": {"uv": [0, 4, 7.86328, 7.10547], "texture": "#1"},
				"down": {"uv": [0, 11, 16, 14], "rotation": 180, "texture": "#1"}
			}
		},
		{
			"from": [7.72338, 8.29956, 9.36196],
			"to": [8.27634, 8.85252, 10.87166],
			"rotation": {"angle": 0, "axis": "z", "origin": [7.99986, 8.96704, 10.11682]},
			"faces": {
				"north": {"uv": [0, 0, 5.73046, 3], "rotation": 180, "texture": "#1"},
				"south": {"uv": [0, 0, 5.73046, 3], "rotation": 180, "texture": "#1"},
				"down": {"uv": [0, 0, 5.73046, 3], "rotation": 180, "texture": "#1"}
			}
		},
		{
			"from": [8.08689, 8.75692, 10.86432],
			"to": [8.50714, 9.17717, 11.039],
			"rotation": {"angle": -45, "axis": "z", "origin": [7.99986, 8.96704, 10.95166]},
			"faces": {
				"north": {"uv": [0, 3, 3.86328, 6.10547], "texture": "#1"},
				"east": {"uv": [0, 3, 3.86328, 6.10547], "texture": "#1"},
				"south": {"uv": [0, 1, 16, 2], "texture": "#1"},
				"up": {"uv": [0, 3, 3.86328, 6.10547], "texture": "#1"}
			}
		},
		{
			"from": [7.33237, 8.69056, 9.36196],
			"to": [7.88533, 9.24352, 10.87166],
			"rotation": {"angle": 0, "axis": "z", "origin": [7.99986, 8.96704, 10.11682]},
			"faces": {
				"north": {"uv": [0, 1, 16, 2], "texture": "#1"},
				"south": {"uv": [0, 1, 16, 2], "texture": "#1"},
				"west": {"uv": [0, 2, 16, 5], "rotation": 90, "texture": "#1"}
			}
		},
		{
			"from": [8.11438, 8.69056, 9.36196],
			"to": [8.66734, 9.24352, 10.87166],
			"rotation": {"angle": 0, "axis": "z", "origin": [7.99986, 8.96704, 10.11682]},
			"faces": {
				"north": {"uv": [0, 1, 16, 2], "texture": "#1"},
				"east": {"uv": [0, 11, 16, 14], "rotation": 90, "texture": "#1"},
				"south": {"uv": [0, 1, 16, 2], "texture": "#1"}
			}
		},
		{
			"from": [7.49254, 8.75692, 10.86444],
			"to": [7.91279, 9.17717, 11.03884],
			"rotation": {"angle": 0, "axis": "z", "origin": [7.99986, 8.96704, 10.95166]},
			"faces": {
				"south": {"uv": [0, 1, 16, 2], "texture": "#1"},
				"west": {"uv": [5, 0, 15, 1], "texture": "#1"},
				"up": {"uv": [0, 3, 3.86328, 6.10547], "texture": "#1"},
				"down": {"uv": [0, 3, 3.86328, 6.10547], "texture": "#1"}
			}
		},
		{
			"from": [7.57961, 8.96705, 10.86432],
			"to": [7.99986, 9.38729, 11.039],
			"rotation": {"angle": 45, "axis": "z", "origin": [7.78974, 9.17717, 10.95166]},
			"faces": {
				"north": {"uv": [0, 3, 3.86328, 6.10547], "texture": "#1"},
				"south": {"uv": [0, 1, 16, 2], "rotation": 90, "texture": "#1"},
				"west": {"uv": [0, 3, 3.86328, 6.10547], "texture": "#1"},
				"up": {"uv": [2, 0, 16, 1], "rotation": 90, "texture": "#1"},
				"down": {"uv": [0, 3, 3.86328, 6.10547], "texture": "#1"}
			}
		},
		{
			"from": [7.78973, 9.05408, 10.86432],
			"to": [8.20998, 9.47433, 11.039],
			"rotation": {"angle": -45, "axis": "z", "origin": [7.99986, 8.96704, 10.95166]},
			"faces": {
				"north": {"uv": [0, 3, 3.86328, 6.10547], "texture": "#1"},
				"east": {"uv": [0, 3, 3.86328, 6.10547], "texture": "#1"},
				"south": {"uv": [0, 1, 16, 2], "rotation": 90, "texture": "#1"},
				"up": {"uv": [1, 0, 15, 1], "rotation": 90, "texture": "#1"}
			}
		},
		{
			"from": [7.57961, 8.5468, 10.86432],
			"to": [7.99986, 8.96705, 11.039],
			"rotation": {"angle": 45, "axis": "z", "origin": [7.78974, 8.75692, 10.95166]},
			"faces": {
				"north": {"uv": [0, 3, 3.86328, 6.10547], "texture": "#1"},
				"south": {"uv": [0, 1, 16, 2], "texture": "#1"},
				"west": {"uv": [12, 3, 15.86328, 6.10547], "texture": "#1"},
				"down": {"uv": [0, 3, 3.86328, 6.10547], "texture": "#1"}
			}
		},
		{
			"from": [8.08689, 8.75692, 10.86436],
			"to": [8.50714, 9.17717, 11.03889],
			"rotation": {"angle": 0, "axis": "z", "origin": [8.59419, 8.96704, 10.95176]},
			"faces": {
				"east": {"uv": [0, 0, 10, 1], "texture": "#1"},
				"south": {"uv": [0, 1, 16, 2], "texture": "#1"}
			}
		},
		{
			"from": [7.7561, 9.18126, 4.13557],
			"to": [8.2436, 9.66877, 8.78308],
			"rotation": {"angle": 0, "axis": "x", "origin": [5.13911, 9.01745, 8.75942]},
			"faces": {
				"north": {"uv": [0, 12, 1, 13], "texture": "#1"},
				"east": {"uv": [1, 1, 15, 4], "texture": "#1"},
				"west": {"uv": [1, 1, 15, 4], "texture": "#1"},
				"up": {"uv": [1, 1, 15, 2.76172], "texture": "#1"},
				"down": {"uv": [0, 0, 10, 2.76172], "texture": "#1"}
			}
		},
		{
			"from": [7.87235, 9.66877, 4.43057],
			"to": [8.12735, 9.79877, 5.52808],
			"rotation": {"angle": 0, "axis": "x", "origin": [5.14037, 9.50495, 8.75942]},
			"faces": {
				"north": {"uv": [11, 0, 15, 1], "texture": "#1"},
				"east": {"uv": [1, 3, 8.86328, 6.10547], "texture": "#1"},
				"south": {"uv": [1, 1, 5.71484, 3.20313], "texture": "#1"},
				"west": {"uv": [1, 4, 8.86328, 7.10547], "texture": "#1"},
				"up": {"uv": [10, 0, 14, 1], "texture": "#1"}
			}
		},
		{
			"from": [7.82235, 8.65377, 4.35557],
			"to": [8.17735, 9.00877, 8.78308],
			"rotation": {"angle": 0, "axis": "x", "origin": [5.13911, 9.01745, 8.75942]},
			"faces": {
				"north": {"uv": [0, 0, 9.91797, 2.55469], "texture": "#1"},
				"east": {"uv": [1, 0.89453, 15, 3], "texture": "#1"},
				"west": {"uv": [1, 0.89453, 15, 3], "texture": "#1"},
				"up": {"uv": [5, 0, 10, 2.55469], "texture": "#1"},
				"down": {"uv": [0, 0, 9.91797, 2.55469], "texture": "#1"}
			}
		},
		{
			"from": [7.8224, 8.69446, 4.2712],
			"to": [8.17728, 9.02696, 4.41369],
			"rotation": {"angle": -22.5, "axis": "x", "origin": [7.99984, 8.87946, 4.39994]},
			"faces": {
				"north": {"uv": [7, 0, 10, 1], "texture": "#1"},
				"east": {"uv": [0, 3, 7.86328, 6.10547], "texture": "#1"},
				"south": {"uv": [0, 0, 3.22266, 2.51953], "texture": "#1"},
				"west": {"uv": [0, 4, 7.86328, 7.10547], "texture": "#1"},
				"up": {"uv": [5, 0, 10, 2.51953], "texture": "#1"},
				"down": {"uv": [0, 0, 3.22266, 2.51953], "texture": "#1"}
			}
		},
		{
			"from": [7.8511, 9.02446, 4.2712],
			"to": [8.1486, 9.26446, 4.41369],
			"rotation": {"angle": -22.5, "axis": "x", "origin": [7.9961, 8.87946, 4.39994]},
			"faces": {
				"north": {"uv": [7, 0, 10, 1], "texture": "#1"},
				"east": {"uv": [0, 3, 7.86328, 6.10547], "texture": "#1"},
				"south": {"uv": [0, 0, 3.22266, 2.375], "texture": "#1"},
				"west": {"uv": [0, 4, 7.86328, 7.10547], "texture": "#1"},
				"up": {"uv": [5, 0, 10, 2.375], "texture": "#1"}
			}
		},
		{
			"from": [7.85486, 8.99177, 4.27179],
			"to": [8.14486, 9.22927, 4.77179],
			"rotation": {"angle": 0, "axis": "x", "origin": [5.10662, 9.01745, 8.75942]},
			"faces": {
				"east": {"uv": [0, 3, 7.86328, 6.10547], "texture": "#1"},
				"south": {"uv": [0, 0, 3.78125, 2.37109], "texture": "#1"},
				"west": {"uv": [1, 4, 8.86328, 6.10547], "texture": "#1"}
			}
		},
		{
			"from": [7.92486, 8.99877, 4.47308],
			"to": [8.09735, 9.21377, 8.78308],
			"rotation": {"angle": 0, "axis": "x", "origin": [5.13911, 9.01745, 8.75942]},
			"faces": {
				"east": {"uv": [0, 14.89453, 16, 16], "texture": "#1"},
				"west": {"uv": [0, 14.89453, 16, 16], "texture": "#1"}
			}
		},
		{
			"from": [7.75622, 8.66626, 11.10557],
			"to": [8.24346, 9.32126, 11.28308],
			"rotation": {"angle": -22.5, "axis": "x", "origin": [7.99986, 9.28877, 10.31432]},
			"faces": {
				"east": {"uv": [0, 3, 1, 6.10547], "texture": "#1"},
				"south": {"uv": [0, 1, 16, 4.02344], "texture": "#1"},
				"west": {"uv": [0, 4, 0.86328, 7.10547], "texture": "#1"}
			}
		},
		{
			"from": [7.8686, 8.69626, 11.27057],
			"to": [8.1311, 8.99377, 11.39057],
			"rotation": {"angle": -22.5, "axis": "x", "origin": [8.11235, 9.28877, 10.31432]},
			"faces": {
				"east": {"uv": [5, 1, 10, 3.46484], "texture": "#1"},
				"south": {"uv": [0, 7, 16, 9.46484], "texture": "#1"},
				"west": {"uv": [5, 1, 10, 3.46484], "texture": "#1"},
				"up": {"uv": [5, 0, 10, 2.46484], "texture": "#1"}
			}
		},
		{
			"from": [7.8686, 8.98533, 11.43232],
			"to": [8.1311, 9.15783, 11.60732],
			"rotation": {"angle": 0, "axis": "x", "origin": [8.11235, 9.29158, 11.40232]},
			"faces": {
				"east": {"uv": [5, 1, 10, 3.26953], "texture": "#1"},
				"south": {"uv": [5, 1, 10, 3.26953], "texture": "#1"},
				"west": {"uv": [5, 1, 10, 3.26953], "texture": "#1"},
				"up": {"uv": [5, 0, 10, 2.26953], "texture": "#1"}
			}
		},
		{
			"from": [7.8686, 8.91369, 11.5417],
			"to": [8.1311, 8.95369, 11.7242],
			"rotation": {"angle": 45, "axis": "x", "origin": [7.99986, 8.93369, 11.63295]},
			"faces": {
				"east": {"uv": [5, 0, 10, 2.28516], "rotation": 270, "texture": "#1"},
				"west": {"uv": [5, 0, 10, 2.28516], "rotation": 270, "texture": "#1"},
				"up": {"uv": [0, 1, 16, 3], "texture": "#1"}
			}
		},
		{
			"from": [7.8686, 8.8612, 11.6392],
			"to": [8.1311, 8.9012, 11.8217],
			"rotation": {"angle": 22.5, "axis": "x", "origin": [7.99986, 8.8812, 11.73045]},
			"faces": {
				"east": {"uv": [5, 0, 10, 2.28516], "rotation": 270, "texture": "#1"},
				"south": {"uv": [5, 0, 10, 2.28516], "rotation": 270, "texture": "#1"},
				"west": {"uv": [5, 0, 10, 2.28516], "rotation": 270, "texture": "#1"},
				"up": {"uv": [0, 1, 16, 5], "texture": "#1"}
			}
		},
		{
			"from": [7.86867, 9.10283, 11.52232],
			"to": [8.13107, 9.28783, 11.60732],
			"rotation": {"angle": 45, "axis": "x", "origin": [8.11235, 9.07158, 11.52856]},
			"faces": {
				"north": {"uv": [5, 0, 10, 2.28906], "texture": "#1"},
				"east": {"uv": [5, 1, 10, 3.28906], "texture": "#1"},
				"south": {"uv": [5, 1, 10, 3.28906], "texture": "#1"},
				"west": {"uv": [5, 1, 10, 3.28906], "texture": "#1"}
			}
		},
		{
			"from": [7.8686, 9.16641, 11.67705],
			"to": [8.1311, 9.22891, 11.96956],
			"rotation": {"angle": 0, "axis": "x", "origin": [8.11235, 9.18641, 11.76956]},
			"faces": {
				"north": {"uv": [5, 0, 10, 2.45703], "rotation": 90, "texture": "#1"},
				"east": {"uv": [5, 1, 10, 3.45703], "rotation": 90, "texture": "#1"},
				"south": {"uv": [5, 0, 10, 2.45703], "rotation": 90, "texture": "#1"},
				"west": {"uv": [5, 1, 10, 3.45703], "rotation": 90, "texture": "#1"},
				"up": {"uv": [0, 1, 16, 3], "texture": "#1"},
				"down": {"uv": [5, 0, 10, 2.45703], "rotation": 90, "texture": "#1"}
			}
		},
		{
			"from": [7.75616, 8.53216, 10.90776],
			"to": [8.24352, 9.22465, 11.35276],
			"rotation": {"angle": -45, "axis": "x", "origin": [7.99986, 9.18091, 11.3115]},
			"faces": {
				"east": {"uv": [0, 3, 2.86328, 6.10547], "texture": "#1"},
				"south": {"uv": [0, 0, 16, 3.08203], "texture": "#1"},
				"west": {"uv": [13.13672, 4, 16, 7.10547], "texture": "#1"},
				"up": {"uv": [5, 0, 10, 3.08203], "texture": "#1"}
			}
		},
		{
			"from": [7.67986, 7.98877, 11.82308],
			"to": [8.31986, 8.45626, 11.95808],
			"rotation": {"angle": 22.5, "axis": "x", "origin": [7.99986, 8.33751, 12.07057]},
			"faces": {
				"north": {"uv": [0, 0, 10.21094, 8.73047], "texture": "#0"},
				"east": {"uv": [0, 0, 10.21094, 8.73047], "texture": "#0"},
				"south": {"uv": [0, 0, 10.21094, 8.73047], "texture": "#0"},
				"west": {"uv": [0, 0, 10.21094, 8.73047], "texture": "#0"},
				"up": {"uv": [0, 0, 10.21094, 8.73047], "texture": "#0"},
				"down": {"uv": [0, 0, 10.21094, 8.73047], "texture": "#0"}
			}
		},
		{
			"from": [7.67986, 7.31679, 11.16544],
			"to": [8.31986, 7.89179, 11.70544],
			"rotation": {"angle": 0, "axis": "x", "origin": [7.99986, 7.79554, 11.19544]},
			"faces": {
				"north": {"uv": [0, 0, 10.84375, 8.89844], "texture": "#0"},
				"east": {"uv": [0, 0, 10.84375, 8.89844], "texture": "#0"},
				"south": {"uv": [0, 0, 10.84375, 8.89844], "texture": "#0"},
				"west": {"uv": [0, 0, 10.84375, 8.89844], "texture": "#0"},
				"up": {"uv": [0, 0, 10.84375, 8.89844], "texture": "#0"},
				"down": {"uv": [0, 0, 10.84375, 8.89844], "texture": "#0"}
			}
		},
		{
			"from": [7.67994, 7.79489, 11.28857],
			"to": [8.31981, 7.90989, 11.55608],
			"rotation": {"angle": -22.5, "axis": "x", "origin": [7.99986, 7.60489, 11.26982]},
			"faces": {
				"north": {"uv": [0, 0, 10.41797, 8.17969], "texture": "#0"},
				"east": {"uv": [0, 0, 10.41797, 8.17969], "texture": "#0"},
				"south": {"uv": [0, 0, 10.41797, 8.17969], "texture": "#0"},
				"west": {"uv": [0, 0, 10.41797, 8.17969], "texture": "#0"},
				"up": {"uv": [0, 0, 10.41797, 8.17969], "texture": "#0"}
			}
		},
		{
			"from": [7.67986, 7.51179, 11.74793],
			"to": [8.31986, 7.61929, 12.13293],
			"rotation": {"angle": 45, "axis": "x", "origin": [7.99986, 7.65554, 11.41919]},
			"faces": {
				"east": {"uv": [0, 0, 10.16797, 8.60156], "rotation": 270, "texture": "#0"},
				"south": {"uv": [0, 0, 10.16797, 8.60156], "rotation": 270, "texture": "#0"},
				"west": {"uv": [0, 0, 10.16797, 8.60156], "rotation": 270, "texture": "#0"},
				"up": {"uv": [0, 0, 10.16797, 8.60156], "rotation": 270, "texture": "#0"},
				"down": {"uv": [0, 0, 10.16797, 8.60156], "rotation": 270, "texture": "#0"}
			}
		},
		{
			"from": [7.67986, 6.69957, 11.74663],
			"to": [8.31986, 6.80707, 12.11912],
			"rotation": {"angle": 45, "axis": "x", "origin": [7.99986, 6.75333, 11.92663]},
			"faces": {
				"east": {"uv": [0, 0, 10.16797, 8.58203], "rotation": 270, "texture": "#0"},
				"south": {"uv": [0, 0, 10.16797, 8.58203], "rotation": 270, "texture": "#0"},
				"west": {"uv": [0, 0, 10.16797, 8.58203], "rotation": 270, "texture": "#0"},
				"up": {"uv": [0, 0, 10.16797, 8.58203], "rotation": 270, "texture": "#0"},
				"down": {"uv": [0, 0, 10.16797, 8.58203], "rotation": 270, "texture": "#0"}
			}
		},
		{
			"from": [7.67986, 5.92889, 12.14856],
			"to": [8.31986, 6.20139, 12.27606],
			"rotation": {"angle": 0, "axis": "x", "origin": [7.99986, 5.81514, 12.33981]},
			"faces": {
				"north": {"uv": [0, 0, 10.19922, 8.42578], "texture": "#0"},
				"east": {"uv": [0, 0, 10.19922, 8.42578], "texture": "#0"},
				"south": {"uv": [0, 0, 10.19922, 8.42578], "texture": "#0"},
				"west": {"uv": [0, 0, 10.19922, 8.42578], "texture": "#0"},
				"up": {"uv": [0, 0, 10.19922, 8.42578], "texture": "#0"}
			}
		},
		{
			"from": [7.67986, 5.91017, 12.1702],
			"to": [8.31986, 5.97517, 12.3377],
			"rotation": {"angle": 22.5, "axis": "x", "origin": [7.99986, 5.97391, 12.20644]},
			"faces": {
				"east": {"uv": [0, 0, 10.10156, 8.26172], "rotation": 270, "texture": "#0"},
				"south": {"uv": [0, 0, 10.10156, 8.26172], "rotation": 270, "texture": "#0"},
				"west": {"uv": [0, 0, 10.10156, 8.26172], "rotation": 270, "texture": "#0"},
				"up": {"uv": [0, 0, 10.10156, 8.26172], "rotation": 270, "texture": "#0"},
				"down": {"uv": [0, 0, 10.10156, 8.26172], "rotation": 270, "texture": "#0"}
			}
		},
		{
			"from": [7.67986, 6.8426, 11.76134],
			"to": [8.31986, 7.1126, 11.88384],
			"rotation": {"angle": 0, "axis": "x", "origin": [7.99986, 6.74509, 11.90259]},
			"faces": {
				"north": {"uv": [0, 0, 10.19141, 8.42188], "texture": "#0"},
				"east": {"uv": [0, 0, 10.19141, 8.42188], "texture": "#0"},
				"south": {"uv": [0, 0, 10.19141, 8.42188], "texture": "#0"},
				"west": {"uv": [0, 0, 10.19141, 8.42188], "texture": "#0"}
			}
		},
		{
			"from": [7.67986, 6.26957, 11.91663],
			"to": [8.31986, 6.37707, 12.28912],
			"rotation": {"angle": 45, "axis": "x", "origin": [7.99986, 6.32333, 12.09663]},
			"faces": {
				"east": {"uv": [0, 0, 10.16797, 8.58203], "rotation": 270, "texture": "#0"},
				"south": {"uv": [0, 0, 10.16797, 8.58203], "rotation": 270, "texture": "#0"},
				"west": {"uv": [0, 0, 10.16797, 8.58203], "rotation": 270, "texture": "#0"},
				"up": {"uv": [0, 0, 10.16797, 8.58203], "rotation": 270, "texture": "#0"},
				"down": {"uv": [0, 0, 10.16797, 8.58203], "rotation": 270, "texture": "#0"}
			}
		},
		{
			"from": [7.67986, 6.4126, 11.93134],
			"to": [8.31986, 6.6826, 12.05384],
			"rotation": {"angle": 0, "axis": "x", "origin": [7.99986, 6.31509, 12.07259]},
			"faces": {
				"north": {"uv": [0, 0, 10.19141, 8.42188], "texture": "#0"},
				"east": {"uv": [0, 0, 10.19141, 8.42188], "texture": "#0"},
				"south": {"uv": [0, 0, 10.19141, 8.42188], "texture": "#0"},
				"west": {"uv": [0, 0, 10.19141, 8.42188], "texture": "#0"}
			}
		},
		{
			"from": [8.08173, 9.17159, 9.34498],
			"to": [8.35593, 9.4458, 10.91134],
			"rotation": {"angle": 45, "axis": "z", "origin": [7.97515, 9.10015, 10.12816]},
			"faces": {
				"north": {"uv": [8, 3, 6, 5], "texture": "#3"},
				"east": {"uv": [6, 2, 4, 4], "texture": "#3"},
				"south": {"uv": [6, 2, 4, 4], "texture": "#3"},
				"west": {"uv": [6, 2, 4, 4], "texture": "#3"},
				"up": {"uv": [6, 2, 4, 4], "texture": "#3"},
				"down": {"uv": [6, 2, 4, 4], "texture": "#3"}
			}
		},
		{
			"from": [8.08173, 8.26143, 9.34498],
			"to": [8.35593, 8.53565, 10.91134],
			"rotation": {"angle": 45, "axis": "z", "origin": [7.97515, 8.19, 10.12816]},
			"faces": {
				"north": {"uv": [8, 3, 6, 5], "texture": "#3"},
				"east": {"uv": [6, 2, 4, 4], "texture": "#3"},
				"south": {"uv": [6, 2, 4, 4], "texture": "#3"},
				"west": {"uv": [6, 2, 4, 4], "texture": "#3"},
				"up": {"uv": [6, 2, 4, 4], "texture": "#3"},
				"down": {"uv": [6, 2, 4, 4], "texture": "#3"}
			}
		},
		{
			"from": [7.73408, 8.4919, 9.34498],
			"to": [8.00828, 8.76611, 10.91134],
			"rotation": {"angle": 45, "axis": "z", "origin": [7.62749, 8.42047, 10.12816]},
			"faces": {
				"north": {"uv": [8, 3, 6, 5], "texture": "#3"},
				"east": {"uv": [6, 2, 4, 4], "texture": "#3"},
				"south": {"uv": [6, 2, 4, 4], "texture": "#3"},
				"west": {"uv": [6, 2, 4, 4], "texture": "#3"},
				"up": {"uv": [6, 2, 4, 4], "texture": "#3"},
				"down": {"uv": [6, 2, 4, 4], "texture": "#3"}
			}
		},
		{
			"from": [7.73408, 8.94112, 9.34498],
			"to": [8.00828, 9.21533, 10.91134],
			"rotation": {"angle": 45, "axis": "z", "origin": [7.62749, 8.86969, 10.12816]},
			"faces": {
				"north": {"uv": [8, 3, 6, 5], "texture": "#3"},
				"east": {"uv": [6, 2, 4, 4], "texture": "#3"},
				"south": {"uv": [6, 2, 4, 4], "texture": "#3"},
				"west": {"uv": [6, 2, 4, 4], "texture": "#3"},
				"up": {"uv": [6, 2, 4, 4], "texture": "#3"},
				"down": {"uv": [6, 2, 4, 4], "texture": "#3"}
			}
		},
		{
			"from": [8.05173, 8.98657, 9.34498],
			"to": [8.32593, 9.26078, 10.91134],
			"rotation": {"angle": -45, "axis": "z", "origin": [8.34766, 8.96485, 10.12816]},
			"faces": {
				"north": {"uv": [6, 3, 8, 5], "texture": "#3"},
				"east": {"uv": [4, 2, 6, 4], "texture": "#3"},
				"south": {"uv": [4, 2, 6, 4], "texture": "#3"},
				"west": {"uv": [4, 2, 6, 4], "texture": "#3"},
				"up": {"uv": [4, 2, 6, 4], "texture": "#3"},
				"down": {"uv": [4, 2, 6, 4], "texture": "#3"}
			}
		},
		{
			"from": [8.36938, 8.66892, 9.34498],
			"to": [8.64358, 8.94313, 10.91134],
			"rotation": {"angle": -45, "axis": "z", "origin": [8.34766, 8.96485, 10.12816]},
			"faces": {
				"north": {"uv": [6, 3, 8, 5], "texture": "#3"},
				"east": {"uv": [4, 2, 6, 4], "texture": "#3"},
				"south": {"uv": [4, 2, 6, 4], "texture": "#3"},
				"west": {"uv": [4, 2, 6, 4], "texture": "#3"},
				"up": {"uv": [4, 2, 6, 4], "texture": "#3"},
				"down": {"uv": [4, 2, 6, 4], "texture": "#3"}
			}
		}
	],
	"gui_light": "front",
	"display": {
		"thirdperson_righthand": {
			"translation": [0, 0, -3.25]
		},
		"thirdperson_lefthand": {
			"translation": [0, 0, -3.25]
		},
		"firstperson_righthand": {
			"translation": [-6.75, 15, 4],
			"scale": [1, 1, 0.7]
		},
		"firstperson_lefthand": {
			"translation": [-6.75, 5.5, 4],
			"scale": [1, 1, 0.7]
		},
		"gui": {
			"rotation": [-90, 135, 90],
			"translation": [-0.75, 0.75, 0],
			"scale": [1.39, 1.39, 1.39]
		},
		"fixed": {
			"rotation": [-90, -135, -90],
			"translation": [2.25, 1.25, -0.5],
			"scale": [1.5, 1.5, 1.5]
		}
	}
}