{
	"credit": "Made with Blockbench",
	"textures": {
		"0": "hd_guns:block/anvil",
		"1": "hd_guns:block/light_gray_concrete_powder",
		"particle": "hd_guns:block/anvil"
	},
	"elements": [
		{
			"from": [7.61906, 7.71094, 8.23047],
			"to": [8.38094, 9.85547, 9.06641],
			"rotation": {"angle": 0, "axis": "y", "origin": [7.58, 0, 0]},
			"faces": {
				"north": {"uv": [5, 5, 8, 15], "texture": "#0"},
				"east": {"uv": [1, 3, 4, 13], "texture": "#0"},
				"south": {"uv": [0, 0, 1, 2.14453], "texture": "#0"},
				"west": {"uv": [13, 2, 16, 12], "texture": "#0"},
				"up": {"uv": [0, 0, 1, 0.83594], "texture": "#0"},
				"down": {"uv": [0, 0, 1, 0.83594], "texture": "#0"}
			}
		},
		{
			"from": [7.73234, 5.56641, 8.25391],
			"to": [8.26766, 7.71094, 9.01563],
			"rotation": {"angle": 0, "axis": "y", "origin": [7.58, 0.03125, 0]},
			"faces": {
				"north": {"uv": [0, 0, 1, 2.14453], "texture": "#1"},
				"east": {"uv": [13, 4, 16, 6], "texture": "#1"},
				"south": {"uv": [0, 0, 1, 2.14453], "texture": "#1"},
				"west": {"uv": [13, 4, 16, 6], "texture": "#1"},
				"up": {"uv": [0, 0, 1, 0.76172], "texture": "#1"},
				"down": {"uv": [0, 0, 1, 0.76172], "texture": "#1"}
			}
		},
		{
			"from": [7.5275, 9.85547, 6.95703],
			"to": [8.4725, 10.43359, 9.69531],
			"rotation": {"angle": 0, "axis": "y", "origin": [7.58, -0.15234, 0]},
			"faces": {
				"north": {"uv": [0, 0, 1.125, 0.57813], "texture": "#0"},
				"east": {"uv": [3, 11, 7, 14], "texture": "#0"},
				"south": {"uv": [0, 0, 3, 4], "texture": "#0"},
				"west": {"uv": [10, 11, 14, 14], "texture": "#0"},
				"up": {"uv": [0, 0, 1.125, 2.73828], "texture": "#0"},
				"down": {"uv": [0, 0, 1.125, 2.73828], "texture": "#0"}
			}
		},
		{
			"from": [7.55094, 10.83594, 7.20703],
			"to": [7.58969, 10.95312, 9.69531],
			"rotation": {"angle": 0, "axis": "y", "origin": [7.58, -0.15234, 0]},
			"faces": {
				"north": {"uv": [0, 0, 1.125, 0.57813], "texture": "#0"},
				"east": {"uv": [7, 6, 8, 7], "texture": "#0"},
				"south": {"uv": [0, 0, 1.125, 0.57813], "texture": "#0"},
				"west": {"uv": [7, 6, 8, 7], "texture": "#0"},
				"up": {"uv": [0, 0, 1.125, 2.73828], "texture": "#0"},
				"down": {"uv": [0, 0, 1.125, 2.73828], "texture": "#0"}
			}
		},
		{
			"from": [7.55094, 10.57422, 7.20703],
			"to": [7.58969, 10.6914, 9.69531],
			"rotation": {"angle": 0, "axis": "y", "origin": [7.58, -0.15234, 0]},
			"faces": {
				"north": {"uv": [0, 0, 1.125, 0.57813], "texture": "#0"},
				"east": {"uv": [7, 6, 8, 7], "texture": "#0"},
				"south": {"uv": [0, 0, 1.125, 0.57813], "texture": "#0"},
				"west": {"uv": [7, 6, 8, 7], "texture": "#0"},
				"up": {"uv": [0, 0, 1.125, 2.73828], "texture": "#0"},
				"down": {"uv": [0, 0, 1.125, 2.73828], "texture": "#0"}
			}
		},
		{
			"from": [8.41031, 10.83594, 7.20703],
			"to": [8.44906, 10.95312, 7.94531],
			"rotation": {"angle": 0, "axis": "y", "origin": [8.42, -0.15234, 0]},
			"faces": {
				"north": {"uv": [1.125, 0, 0, 0.57813], "texture": "#0"},
				"east": {"uv": [7, 6, 8, 7], "texture": "#0"},
				"south": {"uv": [1.125, 0, 0, 0.57813], "texture": "#0"},
				"west": {"uv": [7, 6, 8, 7], "texture": "#0"},
				"up": {"uv": [1.125, 0, 0, 2.73828], "texture": "#0"},
				"down": {"uv": [1.125, 0, 0, 2.73828], "texture": "#0"}
			}
		},
		{
			"from": [8.41031, 10.83594, 9.17187],
			"to": [8.44906, 10.95312, 9.69531],
			"rotation": {"angle": 0, "axis": "y", "origin": [8.42, -0.15234, 0]},
			"faces": {
				"north": {"uv": [1.125, 0, 0, 0.57813], "texture": "#0"},
				"east": {"uv": [7, 6, 8, 7], "texture": "#0"},
				"south": {"uv": [1.125, 0, 0, 0.57813], "texture": "#0"},
				"west": {"uv": [7, 6, 8, 7], "texture": "#0"},
				"up": {"uv": [1.125, 0, 0, 2.73828], "texture": "#0"},
				"down": {"uv": [1.125, 0, 0, 2.73828], "texture": "#0"}
			}
		},
		{
			"from": [8.41031, 10.57422, 7.20703],
			"to": [8.44906, 10.6914, 9.69531],
			"rotation": {"angle": 0, "axis": "y", "origin": [8.42, -0.15234, 0]},
			"faces": {
				"north": {"uv": [1.125, 0, 0, 0.57813], "texture": "#0"},
				"east": {"uv": [7, 6, 8, 7], "texture": "#0"},
				"south": {"uv": [1.125, 0, 0, 0.57813], "texture": "#0"},
				"west": {"uv": [7, 6, 8, 7], "texture": "#0"},
				"up": {"uv": [1.125, 0, 0, 2.73828], "texture": "#0"},
				"down": {"uv": [1.125, 0, 0, 2.73828], "texture": "#0"}
			}
		},
		{
			"from": [8.41031, 10.83594, 10.08594],
			"to": [8.44906, 10.95312, 10.98047],
			"rotation": {"angle": 0, "axis": "y", "origin": [8.42, -0.15234, 0]},
			"faces": {
				"north": {"uv": [1.125, 0, 0, 0.57813], "texture": "#0"},
				"east": {"uv": [7, 6, 8, 7], "texture": "#0"},
				"south": {"uv": [1.125, 0, 0, 0.57813], "texture": "#0"},
				"west": {"uv": [7, 6, 8, 7], "texture": "#0"},
				"up": {"uv": [1.125, 0, 0, 2.73828], "texture": "#0"},
				"down": {"uv": [1.125, 0, 0, 2.73828], "texture": "#0"}
			}
		},
		{
			"from": [8.41031, 10.57422, 10.08594],
			"to": [8.44906, 10.6914, 10.98047],
			"rotation": {"angle": 0, "axis": "y", "origin": [8.42, -0.15234, 0]},
			"faces": {
				"north": {"uv": [1.125, 0, 0, 0.57813], "texture": "#0"},
				"east": {"uv": [7, 6, 8, 7], "texture": "#0"},
				"south": {"uv": [1.125, 0, 0, 0.57813], "texture": "#0"},
				"west": {"uv": [7, 6, 8, 7], "texture": "#0"},
				"up": {"uv": [1.125, 0, 0, 2.73828], "texture": "#0"},
				"down": {"uv": [1.125, 0, 0, 2.73828], "texture": "#0"}
			}
		},
		{
			"from": [7.55094, 10.83594, 10.08594],
			"to": [7.58969, 10.95312, 10.98047],
			"rotation": {"angle": 0, "axis": "y", "origin": [7.58, -0.15234, 0]},
			"faces": {
				"north": {"uv": [0, 0, 1.125, 0.57813], "texture": "#0"},
				"east": {"uv": [7, 6, 8, 7], "texture": "#0"},
				"south": {"uv": [0, 0, 1.125, 0.57813], "texture": "#0"},
				"west": {"uv": [7, 6, 8, 7], "texture": "#0"},
				"up": {"uv": [0, 0, 1.125, 2.73828], "texture": "#0"},
				"down": {"uv": [0, 0, 1.125, 2.73828], "texture": "#0"}
			}
		},
		{
			"from": [7.55094, 10.57422, 10.08594],
			"to": [7.58969, 10.6914, 10.98047],
			"rotation": {"angle": 0, "axis": "y", "origin": [7.58, -0.15234, 0]},
			"faces": {
				"north": {"uv": [0, 0, 1.125, 0.57813], "texture": "#0"},
				"east": {"uv": [7, 6, 8, 7], "texture": "#0"},
				"south": {"uv": [0, 0, 1.125, 0.57813], "texture": "#0"},
				"west": {"uv": [7, 6, 8, 7], "texture": "#0"},
				"up": {"uv": [0, 0, 1.125, 2.73828], "texture": "#0"},
				"down": {"uv": [0, 0, 1.125, 2.73828], "texture": "#0"}
			}
		},
		{
			"from": [7.58, 10.28906, 6.25781],
			"to": [8.42, 11.21484, 11.20313],
			"rotation": {"angle": 0, "axis": "y", "origin": [7.58, -0.34375, 0]},
			"faces": {
				"north": {"uv": [0, 0, 1, 0.92578], "texture": "#0"},
				"east": {"uv": [11, 12, 15.94531, 15.92578], "texture": "#0"},
				"south": {"uv": [13, 12, 16, 15], "texture": "#0"},
				"west": {"uv": [0, 12, 4.94531, 15.92578], "texture": "#0"},
				"up": {"uv": [6, 4, 10, 8], "texture": "#0"},
				"down": {"uv": [0, 0, 1, 4.94531], "texture": "#0"}
			}
		},
		{
			"from": [8.14641, 10.96875, 11.20313],
			"to": [8.40828, 11.14843, 11.46503],
			"rotation": {"angle": 0, "axis": "y", "origin": [7.58, -0.30469, 0.00391]},
			"faces": {
				"north": {"uv": [5, 6, 6, 7], "texture": "#0"},
				"east": {"uv": [5, 6, 6, 7], "texture": "#0"},
				"south": {"uv": [5, 6, 6, 7], "texture": "#0"},
				"west": {"uv": [5, 6, 6, 7], "texture": "#0"},
				"up": {"uv": [5, 6, 6, 7], "texture": "#0"},
				"down": {"uv": [5, 6, 6, 7], "texture": "#0"}
			}
		},
		{
			"from": [8.14641, 10.35937, 11.20313],
			"to": [8.40828, 10.53906, 11.46503],
			"rotation": {"angle": 0, "axis": "y", "origin": [7.58, -0.32031, 0.00391]},
			"faces": {
				"north": {"uv": [5, 6, 6, 7], "texture": "#0"},
				"east": {"uv": [5, 6, 6, 7], "texture": "#0"},
				"south": {"uv": [5, 6, 6, 7], "texture": "#0"},
				"west": {"uv": [5, 6, 6, 7], "texture": "#0"},
				"up": {"uv": [5, 6, 6, 7], "texture": "#0"},
				"down": {"uv": [5, 6, 6, 7], "texture": "#0"}
			}
		},
		{
			"from": [7.91203, 10.53906, 11.21094],
			"to": [8.40047, 10.96875, 11.45722],
			"rotation": {"angle": 0, "axis": "y", "origin": [7.58, -0.23437, 0.00391]},
			"faces": {
				"north": {"uv": [6, 0, 7, 1], "texture": "#0"},
				"east": {"uv": [5, 0, 6, 1], "texture": "#0"},
				"south": {"uv": [6, 0, 7, 1], "texture": "#0"},
				"west": {"uv": [6, 0, 7, 1], "texture": "#0"},
				"up": {"uv": [6, 0, 7, 1], "texture": "#0"},
				"down": {"uv": [6, 0, 7, 1], "texture": "#0"}
			}
		},
		{
			"from": [7.91398, 10.53906, 11.45722],
			"to": [8.11336, 10.96875, 11.83631],
			"rotation": {"angle": 0, "axis": "y", "origin": [7.55461, -0.23437, 0.25019]},
			"faces": {
				"north": {"uv": [0, 0, 1, 1], "texture": "#0"},
				"east": {"uv": [0, 0, 1, 1], "texture": "#0"},
				"south": {"uv": [0, 0, 1, 1], "texture": "#0"},
				"west": {"uv": [0, 0, 1, 1], "texture": "#0"},
				"up": {"uv": [0, 0, 1, 1], "texture": "#0"},
				"down": {"uv": [0, 0, 1, 1], "texture": "#0"}
			}
		},
		{
			"from": [7.91398, 10.61328, 11.83631],
			"to": [8.11336, 10.89453, 12.67633],
			"rotation": {"angle": 0, "axis": "y", "origin": [7.55461, -0.23437, 0.09803]},
			"faces": {
				"north": {"uv": [6, 0, 7, 1], "texture": "#0"},
				"east": {"uv": [6, 0, 7, 1], "texture": "#0"},
				"south": {"uv": [6, 0, 7, 1], "texture": "#0"},
				"west": {"uv": [6, 0, 7, 1], "texture": "#0"},
				"up": {"uv": [6, 0, 7, 1], "texture": "#0"},
				"down": {"uv": [6, 0, 7, 1], "texture": "#0"}
			}
		},
		{
			"from": [7.91398, 11.22712, 12.74249],
			"to": [8.11336, 11.50837, 14.54345],
			"rotation": {"angle": 22.5, "axis": "x", "origin": [8.01367, 11.36775, 11.16641]},
			"faces": {
				"north": {"uv": [6, 0, 7, 1], "texture": "#0"},
				"east": {"uv": [6, 0, 7, 1], "texture": "#0"},
				"south": {"uv": [6, 0, 7, 1], "texture": "#0"},
				"west": {"uv": [6, 0, 7, 1], "texture": "#0"},
				"up": {"uv": [6, 0, 7, 1], "texture": "#0"},
				"down": {"uv": [6, 0, 7, 1], "texture": "#0"}
			}
		},
		{
			"from": [7.91398, 9.94549, 14.23257],
			"to": [8.11336, 10.22674, 16.03354],
			"rotation": {"angle": 0, "axis": "x", "origin": [8.01367, 10.08611, 15.13305]},
			"faces": {
				"north": {"uv": [6, 0, 7, 1], "texture": "#0"},
				"east": {"uv": [6, 0, 7, 1], "texture": "#0"},
				"south": {"uv": [6, 0, 7, 1], "texture": "#0"},
				"west": {"uv": [6, 0, 7, 1], "texture": "#0"},
				"up": {"uv": [6, 0, 7, 1], "texture": "#0"},
				"down": {"uv": [6, 0, 7, 1], "texture": "#0"}
			}
		},
		{
			"from": [7.85148, 7.67205, 16.03354],
			"to": [8.30867, 10.32049, 16.3384],
			"rotation": {"angle": 0, "axis": "x", "origin": [8.01367, 10.08611, 16.62542]},
			"faces": {
				"north": {"uv": [0, 0, 1, 0.92578], "texture": "#0"},
				"east": {"uv": [0, 0, 4.94531, 0.92578], "texture": "#0"},
				"south": {"uv": [2, 0, 4, 6], "texture": "#0"},
				"west": {"uv": [0, 0, 4.94531, 0.92578], "texture": "#0"},
				"up": {"uv": [0, 0, 1, 4.94531], "texture": "#0"},
				"down": {"uv": [0, 0, 1, 4.94531], "texture": "#0"}
			}
		},
		{
			"from": [7.84078, 10.88672, 5.16016],
			"to": [8.15922, 11.21484, 5.77344],
			"rotation": {"angle": 0, "axis": "y", "origin": [7.58, -0.73437, 1.02344]},
			"faces": {
				"north": {"uv": [0, 0, 0.30469, 0.51953], "texture": "#0"},
				"east": {"uv": [0, 0, 0.54688, 0.51953], "texture": "#0"},
				"south": {"uv": [0, 0, 0.30469, 0.51953], "texture": "#0"},
				"west": {"uv": [0, 0, 0.54688, 0.51953], "texture": "#0"},
				"up": {"uv": [0, 0, 0.30469, 0.54688], "texture": "#0"},
				"down": {"uv": [0, 0, 0.30469, 0.54688], "texture": "#0"}
			}
		},
		{
			"from": [7.98531, 10.63281, 5.31641],
			"to": [8.01469, 11.46094, 5.61719],
			"rotation": {"angle": 0, "axis": "y", "origin": [7.58, -0.73437, 1.02344]},
			"faces": {
				"north": {"uv": [0, 0, 0.30469, 0.51953], "texture": "#0"},
				"east": {"uv": [0, 0, 0.54688, 0.51953], "texture": "#0"},
				"south": {"uv": [0, 0, 0.30469, 0.51953], "texture": "#0"},
				"west": {"uv": [0, 0, 0.54688, 0.51953], "texture": "#0"},
				"up": {"uv": [0, 0, 0.30469, 0.54688], "texture": "#0"},
				"down": {"uv": [0, 0, 0.30469, 0.54688], "texture": "#0"}
			}
		},
		{
			"from": [8.11813, 10.63281, 6.95704],
			"to": [8.17485, 11.60156, 7.08203],
			"rotation": {"angle": 0, "axis": "y", "origin": [8.41219, -0.73437, 1.02344]},
			"faces": {
				"north": {"uv": [0.30469, 0, 0, 0.51953], "texture": "#0"},
				"east": {"uv": [0.54688, 0, 0, 0.51953], "texture": "#0"},
				"south": {"uv": [0.30469, 0, 0, 0.51953], "texture": "#0"},
				"west": {"uv": [0.54688, 0, 0, 0.51953], "texture": "#0"},
				"up": {"uv": [0.30469, 0, 0, 0.54688], "texture": "#0"},
				"down": {"uv": [0.30469, 0, 0, 0.54688], "texture": "#0"}
			}
		},
		{
			"from": [7.82515, 10.63281, 6.95704],
			"to": [7.88187, 11.60156, 7.08203],
			"rotation": {"angle": 0, "axis": "y", "origin": [7.58781, -0.73437, 1.02344]},
			"faces": {
				"north": {"uv": [0, 0, 0.30469, 0.51953], "texture": "#0"},
				"east": {"uv": [0, 0, 0.54688, 0.51953], "texture": "#0"},
				"south": {"uv": [0, 0, 0.30469, 0.51953], "texture": "#0"},
				"west": {"uv": [0, 0, 0.54688, 0.51953], "texture": "#0"},
				"up": {"uv": [0, 0, 0.30469, 0.54688], "texture": "#0"},
				"down": {"uv": [0, 0, 0.30469, 0.54688], "texture": "#0"}
			}
		},
		{
			"from": [7.85413, 10.63281, 7.04653],
			"to": [7.91086, 11.60156, 7.15199],
			"rotation": {"angle": 45, "axis": "y", "origin": [7.8825, 11.11718, 7.09926]},
			"faces": {
				"north": {"uv": [0, 0, 0.30469, 0.51953], "texture": "#0"},
				"east": {"uv": [0, 0, 0.54688, 0.51953], "texture": "#0"},
				"south": {"uv": [0, 0, 0.30469, 0.51953], "texture": "#0"},
				"west": {"uv": [0, 0, 0.54688, 0.51953], "texture": "#0"},
				"up": {"uv": [0, 0, 0.30469, 0.54688], "texture": "#0"},
				"down": {"uv": [0, 0, 0.30469, 0.54688], "texture": "#0"}
			}
		},
		{
			"from": [7.85413, 10.63281, 6.88708],
			"to": [7.91085, 11.60156, 6.99254],
			"rotation": {"angle": -45, "axis": "y", "origin": [7.88249, 11.11718, 6.93981]},
			"faces": {
				"north": {"uv": [0, 0, 0.30469, 0.51953], "texture": "#0"},
				"east": {"uv": [0, 0, 0.54688, 0.51953], "texture": "#0"},
				"south": {"uv": [0, 0, 0.30469, 0.51953], "texture": "#0"},
				"west": {"uv": [0, 0, 0.54688, 0.51953], "texture": "#0"},
				"up": {"uv": [0, 0, 0.30469, 0.54688], "texture": "#0"},
				"down": {"uv": [0, 0, 0.30469, 0.54688], "texture": "#0"}
			}
		},
		{
			"from": [8.08914, 10.63281, 7.04653],
			"to": [8.14587, 11.60156, 7.15199],
			"rotation": {"angle": -45, "axis": "y", "origin": [8.1175, 11.11718, 7.09926]},
			"faces": {
				"north": {"uv": [0.30469, 0, 0, 0.51953], "texture": "#0"},
				"east": {"uv": [0.54688, 0, 0, 0.51953], "texture": "#0"},
				"south": {"uv": [0.30469, 0, 0, 0.51953], "texture": "#0"},
				"west": {"uv": [0.54688, 0, 0, 0.51953], "texture": "#0"},
				"up": {"uv": [0.30469, 0, 0, 0.54688], "texture": "#0"},
				"down": {"uv": [0.30469, 0, 0, 0.54688], "texture": "#0"}
			}
		},
		{
			"from": [8.08915, 10.63281, 6.88708],
			"to": [8.14587, 11.60156, 6.99254],
			"rotation": {"angle": 45, "axis": "y", "origin": [8.11751, 11.11718, 6.93981]},
			"faces": {
				"north": {"uv": [0.30469, 0, 0, 0.51953], "texture": "#0"},
				"east": {"uv": [0.54688, 0, 0, 0.51953], "texture": "#0"},
				"south": {"uv": [0.30469, 0, 0, 0.51953], "texture": "#0"},
				"west": {"uv": [0.54688, 0, 0, 0.51953], "texture": "#0"},
				"up": {"uv": [0.30469, 0, 0, 0.54688], "texture": "#0"},
				"down": {"uv": [0.30469, 0, 0, 0.54688], "texture": "#0"}
			}
		},
		{
			"from": [7.8857, 10.63281, 6.89845],
			"to": [8.1143, 11.34766, 7.14263],
			"rotation": {"angle": 0, "axis": "y", "origin": [8.40633, -0.73437, 1.02344]},
			"faces": {
				"north": {"uv": [0.30469, 0, 0, 0.51953], "texture": "#0"},
				"east": {"uv": [0.54688, 0, 0, 0.51953], "texture": "#0"},
				"south": {"uv": [0.30469, 0, 0, 0.51953], "texture": "#0"},
				"west": {"uv": [0.54688, 0, 0, 0.51953], "texture": "#0"},
				"up": {"uv": [0.30469, 0, 0, 0.54688], "texture": "#0"},
				"down": {"uv": [0.30469, 0, 0, 0.54688], "texture": "#0"}
			}
		},
		{
			"from": [7.72931, 10.27734, 4.30859],
			"to": [8.27069, 10.92188, 4.97266],
			"rotation": {"angle": 0, "axis": "y", "origin": [7.72931, -0.15234, 0.30078]},
			"faces": {
				"north": {"uv": [2, 0, 6, 1], "texture": "#0"},
				"east": {"uv": [2, 0, 6, 1], "texture": "#0"},
				"south": {"uv": [2, 0, 6, 1], "texture": "#0"},
				"west": {"uv": [2, 0, 6, 1], "texture": "#0"},
				"up": {"uv": [7, 1, 9, 2], "texture": "#0"},
				"down": {"uv": [2, 0, 6, 1], "texture": "#0"}
			}
		},
		{
			"from": [7.85728, 10.42969, 3.45703],
			"to": [8.14272, 10.76953, 4.30859],
			"rotation": {"angle": 0, "axis": "y", "origin": [7.57182, -0.15234, 0.40625]},
			"faces": {
				"north": {"uv": [0, 0, 0.3398, 0.33984], "texture": "#0"},
				"east": {"uv": [15, 15, 16, 16], "texture": "#0"},
				"south": {"uv": [0, 0, 0.3398, 0.33984], "texture": "#0"},
				"west": {"uv": [0, 0, 0.85156, 0.33984], "texture": "#0"},
				"up": {"uv": [0, 0, 0.3398, 0.85156], "texture": "#0"},
				"down": {"uv": [0, 0, 0.3398, 0.85156], "texture": "#0"}
			}
		},
		{
			"from": [7.61906, 7.91797, 9.06641],
			"to": [8.38094, 9.85547, 9.30078],
			"rotation": {"angle": 0, "axis": "y", "origin": [7.58, 0, -0.01172]},
			"faces": {
				"north": {"uv": [0, 0, 1, 1.9375], "texture": "#0"},
				"east": {"uv": [0, 0, 1, 8.95313], "texture": "#0"},
				"south": {"uv": [12, 4, 16, 8], "texture": "#0"},
				"west": {"uv": [15, 1, 16, 10.0156], "texture": "#0"},
				"up": {"uv": [0, 0, 1, 0.23438], "texture": "#0"},
				"down": {"uv": [0, 0, 1, 0.23438], "texture": "#0"}
			}
		},
		{
			"from": [7.61906, 8.08984, 9.30078],
			"to": [8.38094, 8.76953, 9.48047],
			"rotation": {"angle": 0, "axis": "y", "origin": [7.58, 0, -0.21484]},
			"faces": {
				"north": {"uv": [15, 15, 16, 16], "texture": "#0"},
				"east": {"uv": [15, 15, 16, 16], "texture": "#0"},
				"south": {"uv": [10, 11, 14, 12], "texture": "#0"},
				"west": {"uv": [15, 15, 16, 16], "texture": "#0"},
				"up": {"uv": [15, 15, 16, 16], "texture": "#0"},
				"down": {"uv": [15, 15, 16, 16], "texture": "#0"}
			}
		},
		{
			"from": [7.61906, 9.76172, 9.30078],
			"to": [8.38094, 9.85547, 9.55859],
			"rotation": {"angle": 0, "axis": "y", "origin": [7.58, 0.25781, -0.21484]},
			"faces": {
				"north": {"uv": [15, 15, 16, 16], "texture": "#0"},
				"east": {"uv": [15, 15, 16, 16], "texture": "#0"},
				"south": {"uv": [15, 15, 16, 16], "texture": "#0"},
				"west": {"uv": [15, 15, 16, 16], "texture": "#0"},
				"up": {"uv": [15, 15, 16, 16], "texture": "#0"},
				"down": {"uv": [15, 15, 16, 16], "texture": "#0"}
			}
		},
		{
			"from": [7.6192, 9.74219, 9.17578],
			"to": [8.3809, 9.87109, 9.43359],
			"rotation": {"angle": -45, "axis": "x", "origin": [8, 9.80859, 9.42969]},
			"faces": {
				"north": {"uv": [15, 15, 16, 16], "texture": "#0"},
				"east": {"uv": [15, 15, 16, 16], "texture": "#0"},
				"south": {"uv": [15, 15, 16, 16], "texture": "#0"},
				"west": {"uv": [15, 15, 16, 16], "texture": "#0"},
				"up": {"uv": [15, 15, 16, 16], "texture": "#0"},
				"down": {"uv": [15, 15, 16, 16], "texture": "#0"}
			}
		},
		{
			"from": [7.6192, 8.70928, 9.17757],
			"to": [8.3809, 9.18975, 9.35726],
			"rotation": {"angle": -22.5, "axis": "x", "origin": [8, 9.04912, 9.26741]},
			"faces": {
				"north": {"uv": [15, 15, 16, 16], "texture": "#0"},
				"east": {"uv": [15, 15, 16, 16], "texture": "#0"},
				"south": {"uv": [11, 11, 14, 12], "texture": "#0"},
				"west": {"uv": [15, 15, 16, 16], "texture": "#0"},
				"up": {"uv": [15, 15, 16, 16], "texture": "#0"},
				"down": {"uv": [15, 15, 16, 16], "texture": "#0"}
			}
		},
		{
			"from": [7.6192, 7.71775, 9.08679],
			"to": [8.3809, 8.25291, 9.26648],
			"rotation": {"angle": 45, "axis": "x", "origin": [8, 7.91307, 9.17663]},
			"faces": {
				"north": {"uv": [15, 15, 16, 16], "texture": "#0"},
				"east": {"uv": [15, 15, 16, 16], "texture": "#0"},
				"south": {"uv": [15, 15, 16, 16], "texture": "#0"},
				"west": {"uv": [15, 15, 16, 16], "texture": "#0"},
				"up": {"uv": [15, 15, 16, 16], "texture": "#0"},
				"down": {"uv": [15, 15, 16, 16], "texture": "#0"}
			}
		},
		{
			"from": [7.61906, 7.71094, 9.06641],
			"to": [8.38094, 7.75, 9.10156],
			"rotation": {"angle": 0, "axis": "y", "origin": [8, 8.67969, 8.98828]},
			"faces": {
				"north": {"uv": [0, 0, 1, 0.03906], "texture": "#0"},
				"east": {"uv": [0, 0, 0.03516, 0.03906], "texture": "#0"},
				"south": {"uv": [0, 0, 1, 0.03906], "texture": "#0"},
				"west": {"uv": [0, 0, 0.03516, 0.03906], "texture": "#0"},
				"up": {"uv": [0, 0, 1, 0.03516], "texture": "#0"},
				"down": {"uv": [0, 0, 1, 0.03516], "texture": "#0"}
			}
		},
		{
			"from": [7.53406, 11.02734, 6.98828],
			"to": [7.64234, 11.34375, 9.63281],
			"rotation": {"angle": 0, "axis": "y", "origin": [7.58, -0.34375, 0]},
			"faces": {
				"north": {"uv": [0, 0, 0.12891, 0.31641], "texture": "#0"},
				"east": {"uv": [0, 0, 2.64453, 0.31641], "texture": "#0"},
				"south": {"uv": [0, 0, 0.12891, 0.31641], "texture": "#0"},
				"west": {"uv": [0, 0, 2.64453, 0.31641], "texture": "#0"},
				"up": {"uv": [0, 0, 0.12891, 2.64453], "texture": "#0"},
				"down": {"uv": [0, 0, 0.12891, 2.64453], "texture": "#0"}
			}
		},
		{
			"from": [7.53406, 11.02734, 9.62891],
			"to": [7.64234, 11.23828, 10.29297],
			"rotation": {"angle": 0, "axis": "y", "origin": [7.58, -0.17969, 0]},
			"faces": {
				"north": {"uv": [0, 0, 0.12891, 0.21094], "texture": "#0"},
				"east": {"uv": [0, 0, 0.66406, 0.21094], "texture": "#0"},
				"south": {"uv": [0, 0, 0.12891, 0.21094], "texture": "#0"},
				"west": {"uv": [0, 0, 0.66406, 0.21094], "texture": "#0"},
				"up": {"uv": [0, 0, 0.12891, 0.66406], "texture": "#0"},
				"down": {"uv": [0, 0, 0.12891, 0.66406], "texture": "#0"}
			}
		},
		{
			"from": [7.53406, 11.02734, 6.48047],
			"to": [7.64234, 11.23828, 6.99219],
			"rotation": {"angle": 0, "axis": "y", "origin": [7.58, -0.17969, 0]},
			"faces": {
				"north": {"uv": [0, 0, 0.12891, 0.21094], "texture": "#0"},
				"east": {"uv": [0, 0, 0.58984, 0.21094], "texture": "#0"},
				"south": {"uv": [0, 0, 0.12891, 0.21094], "texture": "#0"},
				"west": {"uv": [0, 0, 0.58984, 0.21094], "texture": "#0"},
				"up": {"uv": [0, 0, 0.12891, 0.58984], "texture": "#0"},
				"down": {"uv": [0, 0, 0.12891, 0.58984], "texture": "#0"}
			}
		},
		{
			"from": [7.83922, 8.91797, 9.27344],
			"to": [8.16078, 9.71484, 9.45703],
			"rotation": {"angle": 0, "axis": "y", "origin": [7.58, 0, -0.01172]},
			"faces": {
				"north": {"uv": [4, 0, 5, 1], "texture": "#0"},
				"east": {"uv": [4, 0, 5, 1], "texture": "#0"},
				"south": {"uv": [4, 0, 5, 1], "texture": "#0"},
				"west": {"uv": [4, 0, 5, 1], "texture": "#0"},
				"up": {"uv": [4, 0, 5, 1], "texture": "#0"},
				"down": {"uv": [4, 0, 5, 1], "texture": "#0"}
			}
		},
		{
			"from": [7.50453, 10.03125, 4.91406],
			"to": [7.70141, 10.96485, 6.88672],
			"rotation": {"angle": 0, "axis": "y", "origin": [8.42, -0.15234, 0]},
			"faces": {
				"north": {"uv": [0.30859, 0, 0.54297, 1.03125], "texture": "#0"},
				"east": {"uv": [1.97266, 0, 3.94531, 1.03125], "texture": "#0"},
				"south": {"uv": [0.30859, 0, 0.54297, 1.03125], "texture": "#0"},
				"west": {"uv": [2, 6, 5, 16], "rotation": 270, "texture": "#0"},
				"up": {"uv": [0.30859, 0, 0.54297, 1.97266], "texture": "#0"},
				"down": {"uv": [0.30859, 0, 0.54297, 1.97266], "texture": "#0"}
			}
		},
		{
			"from": [7.68828, 9.87891, 5.79297],
			"to": [8.31172, 11.21094, 6.88672],
			"rotation": {"angle": 0, "axis": "y", "origin": [8.38391, -0.15234, 0]},
			"faces": {
				"north": {"uv": [0.30859, 0, 1.05078, 1.375], "texture": "#0"},
				"east": {"uv": [1.97266, 0, 3.30078, 1.375], "texture": "#0"},
				"south": {"uv": [0.30859, 0, 1.05078, 1.375], "texture": "#0"},
				"west": {"uv": [1.97266, 0, 3.30078, 1.375], "texture": "#0"},
				"up": {"uv": [6, 3, 9, 5], "texture": "#0"},
				"down": {"uv": [0.30859, 0, 1.05078, 1.32813], "texture": "#0"}
			}
		},
		{
			"from": [7.68828, 9.87891, 5.15235],
			"to": [8.31172, 10.27735, 5.79297],
			"rotation": {"angle": 0, "axis": "y", "origin": [8.38391, -0.15234, 0.45313]},
			"faces": {
				"north": {"uv": [0.30859, 0, 1.05078, 1.375], "texture": "#0"},
				"east": {"uv": [1.97266, 0, 3.30078, 1.375], "texture": "#0"},
				"south": {"uv": [0.30859, 0, 1.05078, 1.375], "texture": "#0"},
				"west": {"uv": [1.97266, 0, 3.30078, 1.375], "texture": "#0"},
				"up": {"uv": [0.30859, 0, 1.05078, 1.32813], "texture": "#0"},
				"down": {"uv": [0.30859, 0, 1.05078, 1.32813], "texture": "#0"}
			}
		},
		{
			"from": [7.80969, 9.30469, 8.11328],
			"to": [8.19031, 9.85547, 8.23047],
			"rotation": {"angle": 0, "axis": "y", "origin": [7.58, 0, 0.28906]},
			"faces": {
				"north": {"uv": [6, 0, 7, 1], "texture": "#0"},
				"east": {"uv": [6, 0, 7, 1], "texture": "#0"},
				"south": {"uv": [6, 0, 7, 1], "texture": "#0"},
				"west": {"uv": [6, 0, 7, 1], "texture": "#0"},
				"up": {"uv": [6, 0, 7, 1], "texture": "#0"},
				"down": {"uv": [6, 0, 7, 1], "texture": "#0"}
			}
		},
		{
			"from": [7.80969, 9.19484, 7.67823],
			"to": [8.19031, 9.31203, 8.22901],
			"rotation": {"angle": -22.5, "axis": "x", "origin": [8, 9.25343, 7.95362]},
			"faces": {
				"north": {"uv": [6, 0, 7, 1], "rotation": 180, "texture": "#0"},
				"east": {"uv": [6, 0, 7, 1], "rotation": 180, "texture": "#0"},
				"south": {"uv": [6, 0, 7, 1], "rotation": 180, "texture": "#0"},
				"west": {"uv": [6, 0, 7, 1], "rotation": 180, "texture": "#0"},
				"up": {"uv": [6, 0, 7, 1], "rotation": 180, "texture": "#0"},
				"down": {"uv": [6, 0, 7, 1], "rotation": 180, "texture": "#0"}
			}
		},
		{
			"from": [7.80969, 9.09391, 7.17083],
			"to": [8.19031, 9.2111, 7.72161],
			"rotation": {"angle": 0, "axis": "x", "origin": [8, 9.15251, 7.44622]},
			"faces": {
				"north": {"uv": [6, 0, 7, 1], "rotation": 180, "texture": "#0"},
				"east": {"uv": [6, 0, 7, 1], "rotation": 180, "texture": "#0"},
				"south": {"uv": [6, 0, 7, 1], "rotation": 180, "texture": "#0"},
				"west": {"uv": [6, 0, 7, 1], "rotation": 180, "texture": "#0"},
				"up": {"uv": [6, 0, 7, 1], "rotation": 180, "texture": "#0"},
				"down": {"uv": [6, 0, 7, 1], "rotation": 180, "texture": "#0"}
			}
		},
		{
			"from": [7.80969, 9.27148, 6.99214],
			"to": [8.19031, 9.38867, 7.29292],
			"rotation": {"angle": 45, "axis": "x", "origin": [8, 9.33008, 7.01753]},
			"faces": {
				"north": {"uv": [6, 0, 7, 1], "rotation": 180, "texture": "#0"},
				"east": {"uv": [6, 0, 7, 1], "rotation": 180, "texture": "#0"},
				"south": {"uv": [6, 0, 7, 1], "rotation": 180, "texture": "#0"},
				"west": {"uv": [6, 0, 7, 1], "rotation": 180, "texture": "#0"},
				"up": {"uv": [6, 0, 7, 1], "rotation": 180, "texture": "#0"},
				"down": {"uv": [6, 0, 7, 1], "rotation": 180, "texture": "#0"}
			}
		},
		{
			"from": [7.80969, 9.30469, 6.95703],
			"to": [8.19031, 9.85547, 7.07422],
			"rotation": {"angle": 0, "axis": "x", "origin": [8, 9.72852, 7.01563]},
			"faces": {
				"north": {"uv": [6, 0, 7, 1], "rotation": 180, "texture": "#0"},
				"east": {"uv": [6, 0, 7, 1], "rotation": 180, "texture": "#0"},
				"south": {"uv": [6, 0, 7, 1], "rotation": 180, "texture": "#0"},
				"west": {"uv": [6, 0, 7, 1], "rotation": 180, "texture": "#0"},
				"up": {"uv": [6, 0, 7, 1], "rotation": 180, "texture": "#0"},
				"down": {"uv": [6, 0, 7, 1], "rotation": 180, "texture": "#0"}
			}
		},
		{
			"from": [7.89828, 9.57422, 7.72656],
			"to": [8.10172, 9.85547, 7.84375],
			"rotation": {"angle": 0, "axis": "x", "origin": [8, 9.68945, 7.78516]},
			"faces": {
				"north": {"uv": [6, 0, 7, 1], "texture": "#0"},
				"east": {"uv": [6, 0, 7, 1], "texture": "#0"},
				"south": {"uv": [6, 0, 7, 1], "texture": "#0"},
				"west": {"uv": [6, 0, 7, 1], "texture": "#0"},
				"up": {"uv": [6, 0, 7, 1], "texture": "#0"},
				"down": {"uv": [6, 0, 7, 1], "texture": "#0"}
			}
		},
		{
			"from": [7.89828, 9.43131, 7.69814],
			"to": [8.10172, 9.60318, 7.81532],
			"rotation": {"angle": 22.5, "axis": "x", "origin": [8, 9.51725, 7.75673]},
			"faces": {
				"north": {"uv": [6, 0, 7, 1], "texture": "#0"},
				"east": {"uv": [6, 0, 7, 1], "texture": "#0"},
				"south": {"uv": [6, 0, 7, 1], "texture": "#0"},
				"west": {"uv": [6, 0, 7, 1], "texture": "#0"},
				"up": {"uv": [6, 0, 7, 1], "texture": "#0"},
				"down": {"uv": [6, 0, 7, 1], "texture": "#0"}
			}
		},
		{
			"from": [7.89828, 9.23594, 7.61718],
			"to": [8.10172, 9.48203, 7.73437],
			"rotation": {"angle": 45, "axis": "x", "origin": [8, 9.39609, 7.67578]},
			"faces": {
				"north": {"uv": [6, 0, 7, 1], "texture": "#0"},
				"east": {"uv": [6, 0, 7, 1], "texture": "#0"},
				"south": {"uv": [6, 0, 7, 1], "texture": "#0"},
				"west": {"uv": [6, 0, 7, 1], "texture": "#0"},
				"up": {"uv": [6, 0, 7, 1], "texture": "#0"},
				"down": {"uv": [6, 0, 7, 1], "texture": "#0"}
			}
		},
		{
			"from": [8.35766, 11.02734, 6.48047],
			"to": [8.46594, 11.23828, 7.94531],
			"rotation": {"angle": 0, "axis": "y", "origin": [8.42, -0.17969, 0]},
			"faces": {
				"north": {"uv": [0.12891, 0, 0, 0.21094], "texture": "#0"},
				"east": {"uv": [1.54297, 0, 0, 0.21094], "texture": "#0"},
				"south": {"uv": [0.12891, 0, 0, 0.21094], "texture": "#0"},
				"west": {"uv": [1.54297, 0, 0, 0.21094], "texture": "#0"},
				"up": {"uv": [0.12891, 0, 0, 1.54297], "texture": "#0"},
				"down": {"uv": [0.12891, 0, 0, 1.54297], "texture": "#0"}
			}
		},
		{
			"from": [8.35766, 11.02734, 9.17188],
			"to": [8.46594, 11.23828, 10.29297],
			"rotation": {"angle": 0, "axis": "y", "origin": [8.42, -0.17969, 0]},
			"faces": {
				"north": {"uv": [0.12891, 0, 0, 0.21094], "texture": "#0"},
				"east": {"uv": [1.12109, 0, 0, 0.21094], "texture": "#0"},
				"south": {"uv": [0.12891, 0, 0, 0.21094], "texture": "#0"},
				"west": {"uv": [1.12109, 0, 0, 0.21094], "texture": "#0"},
				"up": {"uv": [0.12891, 0, 0, 1.12109], "texture": "#0"},
				"down": {"uv": [0.12891, 0, 0, 1.12109], "texture": "#0"}
			}
		},
		{
			"from": [8.35766, 11.23437, 6.98828],
			"to": [8.46594, 11.34375, 9.63281],
			"rotation": {"angle": 0, "axis": "y", "origin": [8.42, -0.34375, 0]},
			"faces": {
				"north": {"uv": [0.12891, 0, 0, 0.12891], "texture": "#0"},
				"east": {"uv": [2.64453, 0, 0, 0.12891], "texture": "#0"},
				"south": {"uv": [0.12891, 0, 0, 0.12891], "texture": "#0"},
				"west": {"uv": [2.64453, 0, 0, 0.12891], "texture": "#0"},
				"up": {"uv": [0.12891, 0, 0, 2.64453], "texture": "#0"},
				"down": {"uv": [0.12891, 0, 0, 2.64453], "texture": "#0"}
			}
		},
		{
			"from": [8.35766, 11.21484, 7.94532],
			"to": [8.46594, 11.23828, 9.17188],
			"rotation": {"angle": 0, "axis": "y", "origin": [8.42, -0.44922, -0.46093]},
			"faces": {
				"north": {"uv": [0.12891, 0, 0, 0.12891], "texture": "#0"},
				"east": {"uv": [2.64453, 0, 0, 0.12891], "texture": "#0"},
				"south": {"uv": [0.12891, 0, 0, 0.12891], "texture": "#0"},
				"west": {"uv": [2.64453, 0, 0, 0.12891], "texture": "#0"},
				"up": {"uv": [0.12891, 0, 0, 2.64453], "texture": "#0"},
				"down": {"uv": [0.12891, 0, 0, 2.64453], "texture": "#0"}
			}
		},
		{
			"from": [8.35766, 10.6953, 7.94532],
			"to": [8.42297, 11.21484, 9.17188],
			"rotation": {"angle": 0, "axis": "y", "origin": [8.42, -0.38282, -0.46093]},
			"faces": {
				"north": {"uv": [0.12891, 0, 0, 0.12891], "texture": "#1"},
				"east": {"uv": [8, 1, 9, 4], "texture": "#1"},
				"south": {"uv": [0.12891, 0, 0, 0.12891], "texture": "#1"},
				"west": {"uv": [2.64453, 0, 0, 0.12891], "texture": "#1"},
				"up": {"uv": [0.12891, 0, 0, 2.64453], "texture": "#1"},
				"down": {"uv": [0.12891, 0, 0, 2.64453], "texture": "#1"}
			}
		},
		{
			"from": [7.58, 10.28906, 4.96875],
			"to": [8.42, 10.96875, 5.80469],
			"rotation": {"angle": 0, "axis": "y", "origin": [7.58, -0.34375, 0.625]},
			"faces": {
				"north": {"uv": [0, 0, 1, 0.59766], "texture": "#0"},
				"east": {"uv": [0, 0, 0.58984, 0.59766], "texture": "#0"},
				"south": {"uv": [0, 0, 1, 0.59766], "texture": "#0"},
				"west": {"uv": [0, 0, 0.58984, 0.59766], "texture": "#0"},
				"up": {"uv": [5, 0, 10, 1], "texture": "#0"},
				"down": {"uv": [0, 0, 1, 0.58984], "texture": "#0"}
			}
		},
		{
			"from": [8.29859, 10.03125, 4.91406],
			"to": [8.49547, 10.96485, 6.88672],
			"rotation": {"angle": 0, "axis": "y", "origin": [8.39703, 10.45899, 5.90039]},
			"faces": {
				"north": {"uv": [0.54297, 0, 0.30859, 1.03125], "texture": "#0"},
				"east": {"uv": [2, 6, 5, 16], "rotation": 270, "texture": "#0"},
				"south": {"uv": [0.54297, 0, 0.30859, 1.03125], "texture": "#0"},
				"west": {"uv": [3.94531, 0, 1.97266, 1.03125], "texture": "#0"},
				"up": {"uv": [0.54297, 0, 0.30859, 1.97266], "texture": "#0"},
				"down": {"uv": [0.54297, 0, 0.30859, 1.97266], "texture": "#0"}
			}
		},
		{
			"from": [8.24594, 9.90414, 4.9142],
			"to": [8.44282, 10.13461, 6.8867],
			"rotation": {"angle": -45, "axis": "z", "origin": [8.34438, 10.01938, 5.90039]},
			"faces": {
				"north": {"uv": [0.54297, 0, 0.30859, 1.03125], "texture": "#0"},
				"east": {"uv": [2, 6, 5, 16], "rotation": 270, "texture": "#0"},
				"south": {"uv": [0.54297, 0, 0.30859, 1.03125], "texture": "#0"},
				"west": {"uv": [3.94531, 0, 1.97266, 1.03125], "texture": "#0"},
				"up": {"uv": [0.54297, 0, 0.30859, 1.97266], "texture": "#0"},
				"down": {"uv": [0.54297, 0, 0.30859, 1.97266], "texture": "#0"}
			}
		},
		{
			"from": [7.55718, 9.90414, 4.9142],
			"to": [7.75406, 10.13461, 6.8867],
			"rotation": {"angle": 45, "axis": "z", "origin": [7.65562, 10.01938, 5.90039]},
			"faces": {
				"north": {"uv": [0.30859, 0, 0.54297, 1.03125], "texture": "#0"},
				"east": {"uv": [1.97266, 0, 3.94531, 1.03125], "texture": "#0"},
				"south": {"uv": [0.30859, 0, 0.54297, 1.03125], "texture": "#0"},
				"west": {"uv": [9, 6, 12, 16], "rotation": 270, "texture": "#0"},
				"up": {"uv": [0.30859, 0, 0.54297, 1.97266], "texture": "#0"},
				"down": {"uv": [0.30859, 0, 0.54297, 1.97266], "texture": "#0"}
			}
		},
		{
			"from": [8.15531, 10.88672, 5.17188],
			"to": [8.24063, 11.61328, 5.76563],
			"rotation": {"angle": 0, "axis": "y", "origin": [8.42, -0.73437, 1.02344]},
			"faces": {
				"north": {"uv": [0.47656, 0, 0.375, 0.82031], "texture": "#0"},
				"east": {"uv": [3.14063, 0, 2.60547, 0.82031], "texture": "#0"},
				"south": {"uv": [0.47656, 0, 0.375, 0.82031], "texture": "#0"},
				"west": {"uv": [3.14063, 0, 2.60547, 0.82031], "texture": "#0"},
				"up": {"uv": [0.47656, 0, 0.375, 0.53516], "texture": "#0"},
				"down": {"uv": [0.47656, 0, 0.375, 0.53516], "texture": "#0"}
			}
		},
		{
			"from": [7.75937, 10.88672, 5.17188],
			"to": [7.84469, 11.61328, 5.76563],
			"rotation": {"angle": 0, "axis": "y", "origin": [7.58, -0.73437, 1.02344]},
			"faces": {
				"north": {"uv": [0.375, 0, 0.47656, 0.82031], "texture": "#0"},
				"east": {"uv": [2.60547, 0, 3.14063, 0.82031], "texture": "#0"},
				"south": {"uv": [0.375, 0, 0.47656, 0.82031], "texture": "#0"},
				"west": {"uv": [2.60547, 0, 3.14063, 0.82031], "texture": "#0"},
				"up": {"uv": [0.375, 0, 0.47656, 0.53516], "texture": "#0"},
				"down": {"uv": [0.375, 0, 0.47656, 0.53516], "texture": "#0"}
			}
		},
		{
			"from": [8.15531, 10.88672, 10.40626],
			"to": [8.24063, 11.61328, 11.14454],
			"rotation": {"angle": 0, "axis": "y", "origin": [8.42, -0.73437, 1.02344]},
			"faces": {
				"north": {"uv": [0.47656, 0, 0.375, 0.82031], "texture": "#0"},
				"east": {"uv": [3.14063, 0, 2.60547, 0.82031], "texture": "#0"},
				"south": {"uv": [0.47656, 0, 0.375, 0.82031], "texture": "#0"},
				"west": {"uv": [3.14063, 0, 2.60547, 0.82031], "texture": "#0"},
				"up": {"uv": [0.47656, 0, 0.375, 0.53516], "texture": "#0"},
				"down": {"uv": [0.47656, 0, 0.375, 0.53516], "texture": "#0"}
			}
		},
		{
			"from": [7.75937, 10.88672, 10.40626],
			"to": [7.84469, 11.61328, 11.14454],
			"rotation": {"angle": 0, "axis": "y", "origin": [7.58, -0.73437, 1.02344]},
			"faces": {
				"north": {"uv": [0.375, 0, 0.47656, 0.82031], "texture": "#0"},
				"east": {"uv": [2.60547, 0, 3.14063, 0.82031], "texture": "#0"},
				"south": {"uv": [0.375, 0, 0.47656, 0.82031], "texture": "#0"},
				"west": {"uv": [2.60547, 0, 3.14063, 0.82031], "texture": "#0"},
				"up": {"uv": [0.375, 0, 0.47656, 0.53516], "texture": "#0"},
				"down": {"uv": [0.375, 0, 0.47656, 0.53516], "texture": "#0"}
			}
		},
		{
			"from": [7.90265, 11.39844, 10.80074],
			"to": [8.09735, 11.43684, 10.89454],
			"rotation": {"angle": 0, "axis": "y", "origin": [7.66078, -0.89453, 1.02339]},
			"faces": {
				"north": {"uv": [0.375, 0, 0.47656, 0.82031], "texture": "#0"},
				"east": {"uv": [2.60547, 0, 3.14063, 0.82031], "texture": "#0"},
				"south": {"uv": [0.375, 0, 0.47656, 0.82031], "texture": "#0"},
				"west": {"uv": [2.60547, 0, 3.14063, 0.82031], "texture": "#0"},
				"up": {"uv": [0.375, 0, 0.47656, 0.53516], "texture": "#0"},
				"down": {"uv": [0.375, 0, 0.47656, 0.53516], "texture": "#0"}
			}
		},
		{
			"from": [7.90265, 11.55474, 10.80074],
			"to": [8.09735, 11.59314, 10.89454],
			"rotation": {"angle": 0, "axis": "y", "origin": [7.66078, -0.73823, 1.02339]},
			"faces": {
				"north": {"uv": [0.375, 0, 0.47656, 0.82031], "texture": "#0"},
				"east": {"uv": [2.60547, 0, 3.14063, 0.82031], "texture": "#0"},
				"south": {"uv": [0.375, 0, 0.47656, 0.82031], "texture": "#0"},
				"west": {"uv": [2.60547, 0, 3.14063, 0.82031], "texture": "#0"},
				"up": {"uv": [0.375, 0, 0.47656, 0.53516], "texture": "#0"},
				"down": {"uv": [0.375, 0, 0.47656, 0.53516], "texture": "#0"}
			}
		},
		{
			"from": [7.90265, 11.39844, 10.80079],
			"to": [7.9411, 11.59314, 10.89454],
			"rotation": {"angle": 0, "axis": "y", "origin": [7.66078, -0.73437, 1.02344]},
			"faces": {
				"north": {"uv": [0.375, 0, 0.47656, 0.82031], "texture": "#0"},
				"east": {"uv": [2.60547, 0, 3.14063, 0.82031], "texture": "#0"},
				"south": {"uv": [0.375, 0, 0.47656, 0.82031], "texture": "#0"},
				"west": {"uv": [2.60547, 0, 3.14063, 0.82031], "texture": "#0"},
				"up": {"uv": [0.375, 0, 0.47656, 0.53516], "texture": "#0"},
				"down": {"uv": [0.375, 0, 0.47656, 0.53516], "texture": "#0"}
			}
		},
		{
			"from": [8.0589, 11.39844, 10.80079],
			"to": [8.09735, 11.59314, 10.89454],
			"rotation": {"angle": 0, "axis": "y", "origin": [8.33922, -0.73437, 1.02344]},
			"faces": {
				"north": {"uv": [0.47656, 0, 0.375, 0.82031], "texture": "#0"},
				"east": {"uv": [3.14063, 0, 2.60547, 0.82031], "texture": "#0"},
				"south": {"uv": [0.47656, 0, 0.375, 0.82031], "texture": "#0"},
				"west": {"uv": [3.14063, 0, 2.60547, 0.82031], "texture": "#0"},
				"up": {"uv": [0.47656, 0, 0.375, 0.53516], "texture": "#0"},
				"down": {"uv": [0.47656, 0, 0.375, 0.53516], "texture": "#0"}
			}
		},
		{
			"from": [7.90265, 11.17579, 10.66407],
			"to": [8.09735, 11.39844, 10.89454],
			"rotation": {"angle": 0, "axis": "y", "origin": [7.66078, -0.71874, 1.02344]},
			"faces": {
				"north": {"uv": [0.375, 0, 0.47656, 0.82031], "texture": "#0"},
				"east": {"uv": [2.60547, 0, 3.14063, 0.82031], "texture": "#0"},
				"south": {"uv": [0.375, 0, 0.47656, 0.82031], "texture": "#0"},
				"west": {"uv": [2.60547, 0, 3.14063, 0.82031], "texture": "#0"},
				"up": {"uv": [0.375, 0, 0.47656, 0.53516], "texture": "#0"},
				"down": {"uv": [0.375, 0, 0.47656, 0.53516], "texture": "#0"}
			}
		},
		{
			"from": [7.82453, 11.28516, 10.74219],
			"to": [8.17547, 11.35938, 10.81641],
			"rotation": {"angle": 0, "axis": "y", "origin": [7.66078, -0.71874, 1.02344]},
			"faces": {
				"north": {"uv": [0.375, 0, 0.47656, 0.82031], "texture": "#0"},
				"east": {"uv": [2.60547, 0, 3.14063, 0.82031], "texture": "#0"},
				"south": {"uv": [0.375, 0, 0.47656, 0.82031], "texture": "#0"},
				"west": {"uv": [2.60547, 0, 3.14063, 0.82031], "texture": "#0"},
				"up": {"uv": [0.375, 0, 0.47656, 0.53516], "texture": "#0"},
				"down": {"uv": [0.375, 0, 0.47656, 0.53516], "texture": "#0"}
			}
		}
	],
	"gui_light": "front",
	"display": {
		"thirdperson_righthand": {
			"translation": [0, -1.75, -0.25]
		},
		"thirdperson_lefthand": {
			"translation": [0, -1.75, -0.25]
		},
		"firstperson_righthand": {
			"rotation": [18.75, -17.54, 20.23],
			"translation": [-7.25, 14.25, 4.75],
			"scale": [1, 1, 0.7]
		},
		"firstperson_lefthand": {
			"translation": [-6.75, 4, 5.25],
			"scale": [1, 1, 0.7]
		},
		"gui": {
			"rotation": [-90, 135, 90],
			"translation": [-2.75, 0.75, 0],
			"scale": [1.44, 1.44, 1.44]
		},
		"fixed": {
			"rotation": [-90, -135, -90],
			"translation": [2, -1.25, -1.75],
			"scale": [1.5, 1.5, 1.5]
		}
	},
	"groups": [
		{
			"name": "group",
			"origin": [8.42, -0.73437, 1.02344],
			"color": 0,
			"nbt": "{}",
			"armAnimationEnabled": false,
			"children": [0, 1, 2, 3, 4, 5, 6, 7, 8, 9, 10, 11, 12, 13, 14, 15, 16, 17, 18, 19, 20, 21, 22, 23, 24, 25, 26, 27, 28, 29, 30, 31, 32, 33, 34, 35, 36, 37, 38, 39, 40, 41, 42, 43, 44, 45, 46, 47, 48, 49, 50, 51, 52, 53, 54, 55, 56, 57, 58, 59, 60, 61, 62, 63, 64, 65, 66, 67, 68, 69, 70, 71, 72]
		}
	]
}