{
	"credit": "Made with Blockbench",
	"textures": {
		"0": "hd_guns:block/sandstone_top",
		"1": "hd_guns:block/anvil",
		"particle": "hd_guns:block/sandstone_top"
	},
	"elements": [
		{
			"from": [7.6627, 4.82745, 12.88492],
			"to": [8.3414, 6.97589, 13.59821],
			"rotation": {"angle": -22.5, "axis": "x", "origin": [8.00204, 7.35831, 12.91071]},
			"faces": {
				"north": {"uv": [0, 0, 0.61719, 1.95312], "texture": "#1"},
				"east": {"uv": [0, 0, 0.64844, 1.95312], "texture": "#1"},
				"south": {"uv": [0, 0, 0.61719, 1.95312], "texture": "#1"},
				"west": {"uv": [0, 0, 0.64844, 1.95312], "texture": "#1"},
				"up": {"uv": [0, 0, 0.61719, 0.64844], "texture": "#1"},
				"down": {"uv": [0, 0, 0.61719, 0.64844], "texture": "#1"}
			}
		},
		{
			"from": [7.66259, 6.60699, 12.78168],
			"to": [8.34149, 7.4234, 13.69691],
			"rotation": {"angle": 0, "axis": "x", "origin": [8.00204, 6.66715, 13.55512]},
			"faces": {
				"north": {"uv": [0, 0, 0.61719, 0.74219], "texture": "#1"},
				"east": {"uv": [0, 0, 0.83203, 0.74219], "texture": "#1"},
				"south": {"uv": [0, 0, 0.61719, 0.74219], "texture": "#1"},
				"west": {"uv": [0, 0, 0.83203, 0.74219], "texture": "#1"},
				"up": {"uv": [0, 0, 0.61719, 0.83203], "texture": "#1"},
				"down": {"uv": [0, 0, 0.61719, 0.83203], "texture": "#1"}
			}
		},
		{
			"from": [7.56806, 7.78863, 14.57348],
			"to": [8.43602, 9.90699, 15.27816],
			"rotation": {"angle": 0, "axis": "x", "origin": [8.00204, 7.34606, 14.63363]},
			"faces": {
				"north": {"uv": [0, 0, 0.78906, 1.92578], "texture": "#1"},
				"east": {"uv": [0, 0, 4.64062, 6.92578], "texture": "#1"},
				"south": {"uv": [5, 3, 5.78906, 5.92578], "texture": "#1"},
				"west": {"uv": [0, 0, 4.64062, 6.92578], "texture": "#1"},
				"up": {"uv": [6, 5, 9.78906, 7.64062], "texture": "#1"},
				"down": {"uv": [0, 0, 0.78906, 0.64062], "texture": "#1"}
			}
		},
		{
			"from": [7.56806, 5.58798, 20.49003],
			"to": [8.43602, 9.2833, 20.87245],
			"rotation": {"angle": 0, "axis": "x", "origin": [8.00204, 7.57099, 20.50077]},
			"faces": {
				"north": {"uv": [0, 0, 3.35938, 0.78906], "rotation": 90, "texture": "#1"},
				"east": {"uv": [0, 0, 3.35938, 0.34766], "rotation": 90, "texture": "#1"},
				"south": {"uv": [5, 10, 8.35938, 12.78906], "rotation": 90, "texture": "#1"},
				"west": {"uv": [0, 0, 3.35938, 0.34766], "rotation": 90, "texture": "#1"},
				"up": {"uv": [0, 0, 0.34766, 0.78906], "rotation": 90, "texture": "#1"},
				"down": {"uv": [0, 0, 0.34766, 0.78906], "rotation": 90, "texture": "#1"}
			}
		},
		{
			"from": [7.58524, 8.08018, 17.37908],
			"to": [8.41884, 9.67003, 20.08182],
			"rotation": {"angle": 0, "axis": "x", "origin": [8.00204, 10.32529, 19.73592]},
			"faces": {
				"north": {"uv": [0, 0, 1.44532, 0.75781], "rotation": 90, "texture": "#1"},
				"east": {"uv": [5, 4, 9.44532, 8.45703], "rotation": 90, "texture": "#1"},
				"south": {"uv": [3, 3, 4.44532, 5.75781], "rotation": 90, "texture": "#1"},
				"west": {"uv": [5, 4, 9.44532, 8.45703], "rotation": 90, "texture": "#1"},
				"up": {"uv": [2, 2, 4.45703, 4.75781], "rotation": 90, "texture": "#1"},
				"down": {"uv": [0, 0, 2.45703, 0.75781], "rotation": 90, "texture": "#1"}
			}
		},
		{
			"from": [7.58524, 9.2833, 16.17596],
			"to": [8.41884, 9.67003, 17.37908],
			"rotation": {"angle": 0, "axis": "x", "origin": [8.00204, 10.32529, 17.00741]},
			"faces": {
				"north": {"uv": [0, 0, 0.35157, 0.75781], "rotation": 90, "texture": "#1"},
				"east": {"uv": [0, 0, 0.35157, 1.09375], "rotation": 90, "texture": "#1"},
				"south": {"uv": [0, 0, 0.35157, 0.75781], "rotation": 90, "texture": "#1"},
				"west": {"uv": [4, 0, 4.35157, 1.09375], "rotation": 90, "texture": "#1"},
				"up": {"uv": [2, 1, 4.09375, 3.75781], "rotation": 90, "texture": "#1"},
				"down": {"uv": [0, 0, 1.09375, 0.75781], "rotation": 90, "texture": "#1"}
			}
		},
		{
			"from": [7.58524, 9.43369, 16.02557],
			"to": [8.41884, 9.67003, 16.17596],
			"rotation": {"angle": 0, "axis": "x", "origin": [8.00204, 10.32529, 17.28241]},
			"faces": {
				"north": {"uv": [0, 0, 0.21485, 0.75781], "rotation": 90, "texture": "#1"},
				"east": {"uv": [0, 0, 0.21485, 0.13672], "rotation": 90, "texture": "#1"},
				"south": {"uv": [0, 0, 0.21485, 0.75781], "rotation": 90, "texture": "#1"},
				"west": {"uv": [0, 0, 0.21485, 0.13672], "rotation": 90, "texture": "#1"},
				"up": {"uv": [2, 1, 2.13672, 1.75781], "rotation": 90, "texture": "#1"},
				"down": {"uv": [0, 0, 0.13672, 0.75781], "rotation": 90, "texture": "#1"}
			}
		},
		{
			"from": [7.58524, 9.58838, 15.86657],
			"to": [8.41884, 9.67003, 16.02557],
			"rotation": {"angle": 0, "axis": "x", "origin": [8.00204, 10.32529, 17.33826]},
			"faces": {
				"north": {"uv": [0, 0, 0.07423, 0.75781], "rotation": 90, "texture": "#1"},
				"east": {"uv": [0, 0, 0.07423, 0.14454], "rotation": 90, "texture": "#1"},
				"south": {"uv": [0, 0, 0.07423, 0.75781], "rotation": 90, "texture": "#1"},
				"west": {"uv": [0, 0, 0.07423, 0.14454], "rotation": 90, "texture": "#1"},
				"up": {"uv": [2, 1, 2.14454, 1.75781], "rotation": 90, "texture": "#1"},
				"down": {"uv": [0, 0, 0.14454, 0.75781], "rotation": 90, "texture": "#1"}
			}
		},
		{
			"from": [7.58534, 9.44475, 15.85503],
			"to": [8.41874, 9.55648, 16.29332],
			"rotation": {"angle": 45, "axis": "x", "origin": [8.00204, 9.50061, 16.03766]},
			"faces": {
				"north": {"uv": [0, 0, 0.10157, 0.75764], "rotation": 90, "texture": "#1"},
				"east": {"uv": [0, 0, 0.10157, 0.39844], "rotation": 90, "texture": "#1"},
				"south": {"uv": [0, 0, 0.10157, 0.75764], "rotation": 90, "texture": "#1"},
				"west": {"uv": [0, 0, 0.10157, 0.39844], "rotation": 90, "texture": "#1"},
				"up": {"uv": [0, 0, 0.39844, 0.75764], "rotation": 90, "texture": "#1"},
				"down": {"uv": [0, 0, 0.39844, 0.75764], "rotation": 90, "texture": "#1"}
			}
		},
		{
			"from": [7.58534, 8.57517, 16.18408],
			"to": [8.41874, 9.12947, 17.88134],
			"rotation": {"angle": 45, "axis": "x", "origin": [8.00204, 8.93395, 17.03272]},
			"faces": {
				"north": {"uv": [0, 0, 0.50391, 0.75764], "rotation": 90, "texture": "#1"},
				"east": {"uv": [0, 0, 0.50391, 1.54297], "rotation": 90, "texture": "#1"},
				"south": {"uv": [0, 0, 0.50391, 0.75764], "rotation": 90, "texture": "#1"},
				"west": {"uv": [0, 0, 0.50391, 1.54297], "rotation": 90, "texture": "#1"},
				"up": {"uv": [0, 0, 1.54297, 0.75764], "rotation": 90, "texture": "#1"},
				"down": {"uv": [0, 0, 1.54297, 0.75764], "rotation": 90, "texture": "#1"}
			}
		},
		{
			"from": [7.58534, 9.1282, 16.74141],
			"to": [8.41874, 9.43329, 17.34298],
			"rotation": {"angle": 45, "axis": "x", "origin": [8.00204, 8.937, 17.03575]},
			"faces": {
				"north": {"uv": [0, 0, 0.27735, 0.75764], "rotation": 90, "texture": "#1"},
				"east": {"uv": [0, 0, 0.27735, 0.54688], "rotation": 90, "texture": "#1"},
				"south": {"uv": [0, 0, 0.27735, 0.75764], "rotation": 90, "texture": "#1"},
				"west": {"uv": [0, 0, 0.27735, 0.54688], "rotation": 90, "texture": "#1"},
				"up": {"uv": [0, 0, 0.54688, 0.75764], "rotation": 90, "texture": "#1"},
				"down": {"uv": [0, 0, 0.54688, 0.75764], "rotation": 90, "texture": "#1"}
			}
		},
		{
			"from": [7.66259, 5.2832, 14.5144],
			"to": [8.34149, 5.43359, 14.97415],
			"rotation": {"angle": 0, "axis": "x", "origin": [8.00204, 6.23496, 13.8226]},
			"faces": {
				"north": {"uv": [0, 0, 0.61719, 0.13672], "texture": "#1"},
				"east": {"uv": [0, 0, 0.41796, 0.13672], "texture": "#1"},
				"south": {"uv": [0, 0, 0.61719, 0.13672], "texture": "#1"},
				"west": {"uv": [0, 0, 0.41796, 0.13672], "texture": "#1"},
				"up": {"uv": [0, 0, 0.61719, 0.41796], "texture": "#1"},
				"down": {"uv": [0, 0, 0.61719, 0.41796], "texture": "#1"}
			}
		},
		{
			"from": [7.66259, 5.1089, 14.06352],
			"to": [8.34149, 5.28507, 14.55336],
			"rotation": {"angle": 0, "axis": "x", "origin": [8.00204, 6.23683, 13.66391]},
			"faces": {
				"north": {"uv": [0, 0, 0.61719, 0.16015], "texture": "#1"},
				"east": {"uv": [0, 0, 0.44531, 0.16015], "texture": "#1"},
				"south": {"uv": [0, 0, 0.61719, 0.16015], "texture": "#1"},
				"west": {"uv": [0, 0, 0.44531, 0.16015], "texture": "#1"},
				"up": {"uv": [0, 0, 0.61719, 0.44531], "texture": "#1"},
				"down": {"uv": [0, 0, 0.61719, 0.44531], "texture": "#1"}
			}
		},
		{
			"from": [7.66259, 5.35058, 14.47521],
			"to": [8.34149, 5.56972, 14.96076],
			"rotation": {"angle": -22.5, "axis": "x", "origin": [8.00204, 5.42578, 14.75881]},
			"faces": {
				"north": {"uv": [0, 0, 0.61719, 0.19922], "texture": "#1"},
				"east": {"uv": [0, 0, 0.44141, 0.19922], "texture": "#1"},
				"south": {"uv": [0, 0, 0.61719, 0.19922], "texture": "#1"},
				"west": {"uv": [0, 0, 0.44141, 0.19922], "texture": "#1"},
				"up": {"uv": [0, 0, 0.61719, 0.44141], "texture": "#1"},
				"down": {"uv": [0, 0, 0.61719, 0.44141], "texture": "#1"}
			}
		},
		{
			"from": [7.66259, 5.30634, 13.8852],
			"to": [8.34149, 5.38368, 14.22895],
			"rotation": {"angle": -22.5, "axis": "x", "origin": [8.00204, 5.4245, 14.74887]},
			"faces": {
				"north": {"uv": [0, 0, 0.61719, 0.07031], "texture": "#1"},
				"east": {"uv": [0, 0, 0.3125, 0.07031], "texture": "#1"},
				"south": {"uv": [0, 0, 0.61719, 0.07031], "texture": "#1"},
				"west": {"uv": [0, 0, 0.3125, 0.07031], "texture": "#1"},
				"up": {"uv": [0, 0, 0.61719, 0.3125], "texture": "#1"},
				"down": {"uv": [0, 0, 0.61719, 0.3125], "texture": "#1"}
			}
		},
		{
			"from": [7.66259, 4.98382, 13.70766],
			"to": [8.34149, 5.37914, 13.99985],
			"rotation": {"angle": 0, "axis": "x", "origin": [8.00204, 5.03753, 14.26196]},
			"faces": {
				"north": {"uv": [0, 0, 0.61719, 0.35938], "texture": "#1"},
				"east": {"uv": [0, 0, 0.26563, 0.35938], "texture": "#1"},
				"south": {"uv": [0, 0, 0.61719, 0.35938], "texture": "#1"},
				"west": {"uv": [0, 0, 0.26563, 0.35938], "texture": "#1"},
				"up": {"uv": [0, 0, 0.61719, 0.26563], "texture": "#1"},
				"down": {"uv": [0, 0, 0.61719, 0.26563], "texture": "#1"}
			}
		},
		{
			"from": [7.66259, 5.51664, 13.35532],
			"to": [8.34149, 6.21703, 13.6475],
			"rotation": {"angle": 0, "axis": "x", "origin": [8.00204, 5.03753, 14.26196]},
			"faces": {
				"north": {"uv": [0, 0, 0.61719, 0.63672], "texture": "#1"},
				"east": {"uv": [0, 0, 0.26562, 0.63672], "texture": "#1"},
				"south": {"uv": [0, 0, 0.61719, 0.63672], "texture": "#1"},
				"west": {"uv": [0, 0, 0.26562, 0.63672], "texture": "#1"},
				"up": {"uv": [0, 0, 0.61719, 0.26562], "texture": "#1"},
				"down": {"uv": [0, 0, 0.61719, 0.26562], "texture": "#1"}
			}
		},
		{
			"from": [7.66259, 6.05375, 13.03305],
			"to": [8.34149, 6.75414, 13.35532],
			"rotation": {"angle": 0, "axis": "x", "origin": [8.00204, 5.03753, 14.26196]},
			"faces": {
				"north": {"uv": [0, 0, 0.61719, 0.63672], "texture": "#1"},
				"east": {"uv": [0, 0, 0.29297, 0.63672], "texture": "#1"},
				"south": {"uv": [0, 0, 0.61719, 0.63672], "texture": "#1"},
				"west": {"uv": [0, 0, 0.29297, 0.63672], "texture": "#1"},
				"up": {"uv": [0, 0, 0.61719, 0.29297], "texture": "#1"},
				"down": {"uv": [0, 0, 0.61719, 0.29297], "texture": "#1"}
			}
		},
		{
			"from": [7.66259, 5.21118, 13.64609],
			"to": [8.34149, 5.72251, 13.7707],
			"rotation": {"angle": -45, "axis": "x", "origin": [8.00204, 5.37232, 13.70625]},
			"faces": {
				"north": {"uv": [0, 0, 0.61719, 0.46485], "texture": "#1"},
				"east": {"uv": [0, 0, 0.11328, 0.46485], "texture": "#1"},
				"south": {"uv": [0, 0, 0.61719, 0.46485], "texture": "#1"},
				"west": {"uv": [0, 0, 0.11328, 0.46485], "texture": "#1"},
				"up": {"uv": [0, 0, 0.61719, 0.11328], "texture": "#1"},
				"down": {"uv": [0, 0, 0.61719, 0.11328], "texture": "#1"}
			}
		},
		{
			"from": [7.66259, 5.73427, 13.25991],
			"to": [8.34149, 6.2456, 13.4017],
			"rotation": {"angle": -45, "axis": "x", "origin": [8.00204, 5.98993, 13.33081]},
			"faces": {
				"north": {"uv": [0, 0, 0.61719, 0.46484], "texture": "#1"},
				"east": {"uv": [0, 0, 0.1289, 0.46484], "texture": "#1"},
				"south": {"uv": [0, 0, 0.61719, 0.46484], "texture": "#1"},
				"west": {"uv": [0, 0, 0.1289, 0.46484], "texture": "#1"},
				"up": {"uv": [0, 0, 0.61719, 0.1289], "texture": "#1"},
				"down": {"uv": [0, 0, 0.61719, 0.1289], "texture": "#1"}
			}
		},
		{
			"from": [7.66259, 6.68694, 13.98792],
			"to": [8.34149, 6.99201, 14.1426],
			"rotation": {"angle": -45, "axis": "x", "origin": [8.00204, 5.41721, 13.87619]},
			"faces": {
				"north": {"uv": [0, 0, 0.61719, 0.27734], "texture": "#1"},
				"east": {"uv": [0, 0, 0.14062, 0.27734], "texture": "#1"},
				"south": {"uv": [0, 0, 0.61719, 0.27734], "texture": "#1"},
				"west": {"uv": [0, 0, 0.14062, 0.27734], "texture": "#1"},
				"up": {"uv": [0, 0, 0.61719, 0.14062], "texture": "#1"},
				"down": {"uv": [0, 0, 0.61719, 0.14062], "texture": "#1"}
			}
		},
		{
			"from": [7.66259, 5.22326, 14.45797],
			"to": [8.34149, 5.36506, 14.91343],
			"rotation": {"angle": -22.5, "axis": "x", "origin": [8.00204, 5.40587, 14.79312]},
			"faces": {
				"north": {"uv": [0, 0, 0.61719, 0.12891], "texture": "#1"},
				"east": {"uv": [0, 0, 0.41406, 0.12891], "texture": "#1"},
				"south": {"uv": [0, 0, 0.61719, 0.12891], "texture": "#1"},
				"west": {"uv": [0, 0, 0.41406, 0.12891], "texture": "#1"},
				"up": {"uv": [0, 0, 0.61719, 0.41406], "texture": "#1"},
				"down": {"uv": [0, 0, 0.61719, 0.41406], "texture": "#1"}
			}
		},
		{
			"from": [7.66259, 5.66432, 14.43276],
			"to": [8.34149, 5.78463, 14.75072],
			"rotation": {"angle": 45, "axis": "x", "origin": [8.00204, 5.54186, 14.64115]},
			"faces": {
				"north": {"uv": [0, 0, 0.10937, 0.61719], "rotation": 270, "texture": "#1"},
				"east": {"uv": [0, 0, 0.10937, 0.28906], "rotation": 270, "texture": "#1"},
				"south": {"uv": [0, 0, 0.10937, 0.61719], "rotation": 270, "texture": "#1"},
				"west": {"uv": [0, 0, 0.10937, 0.28906], "rotation": 270, "texture": "#1"},
				"up": {"uv": [0, 0, 0.28906, 0.61719], "rotation": 270, "texture": "#1"},
				"down": {"uv": [0, 0, 0.28906, 0.61719], "rotation": 270, "texture": "#1"}
			}
		},
		{
			"from": [7.66259, 5.68101, 13.99898],
			"to": [8.34149, 5.80133, 14.31696],
			"rotation": {"angle": 45, "axis": "x", "origin": [8.00204, 5.55856, 14.70582]},
			"faces": {
				"north": {"uv": [0, 0, 0.10938, 0.61719], "rotation": 270, "texture": "#1"},
				"east": {"uv": [0, 0, 0.10938, 0.28907], "rotation": 270, "texture": "#1"},
				"south": {"uv": [0, 0, 0.10938, 0.61719], "rotation": 270, "texture": "#1"},
				"west": {"uv": [0, 0, 0.10938, 0.28907], "rotation": 270, "texture": "#1"},
				"up": {"uv": [0, 0, 0.28907, 0.61719], "rotation": 270, "texture": "#1"},
				"down": {"uv": [0, 0, 0.28907, 0.61719], "rotation": 270, "texture": "#1"}
			}
		},
		{
			"from": [7.66259, 5.65473, 13.57043],
			"to": [8.34149, 5.77504, 13.8884],
			"rotation": {"angle": 45, "axis": "x", "origin": [8.00204, 5.53227, 14.7972]},
			"faces": {
				"north": {"uv": [0, 0, 0.10937, 0.61719], "rotation": 270, "texture": "#1"},
				"east": {"uv": [0, 0, 0.10937, 0.28906], "rotation": 270, "texture": "#1"},
				"south": {"uv": [0, 0, 0.10937, 0.61719], "rotation": 270, "texture": "#1"},
				"west": {"uv": [0, 0, 0.10937, 0.28906], "rotation": 270, "texture": "#1"},
				"up": {"uv": [0, 0, 0.28906, 0.61719], "rotation": 270, "texture": "#1"},
				"down": {"uv": [0, 0, 0.28906, 0.61719], "rotation": 270, "texture": "#1"}
			}
		},
		{
			"from": [7.66259, 5.59228, 13.17295],
			"to": [8.34149, 5.71259, 13.49091],
			"rotation": {"angle": 45, "axis": "x", "origin": [8.00204, 5.46982, 14.92393]},
			"faces": {
				"north": {"uv": [0, 0, 0.10937, 0.61719], "rotation": 270, "texture": "#1"},
				"east": {"uv": [0, 0, 0.10937, 0.28906], "rotation": 270, "texture": "#1"},
				"south": {"uv": [0, 0, 0.10937, 0.61719], "rotation": 270, "texture": "#1"},
				"west": {"uv": [0, 0, 0.10937, 0.28906], "rotation": 270, "texture": "#1"},
				"up": {"uv": [0, 0, 0.28906, 0.61719], "rotation": 270, "texture": "#1"},
				"down": {"uv": [0, 0, 0.28906, 0.61719], "rotation": 270, "texture": "#1"}
			}
		},
		{
			"from": [7.66259, 5.55991, 14.42588],
			"to": [8.34149, 6.01108, 14.78681],
			"rotation": {"angle": -22.5, "axis": "x", "origin": [8.00204, 5.54487, 14.70947]},
			"faces": {
				"north": {"uv": [0, 0, 0.61719, 0.41015], "texture": "#1"},
				"east": {"uv": [0, 0, 0.32812, 0.41015], "texture": "#1"},
				"south": {"uv": [0, 0, 0.61719, 0.41015], "texture": "#1"},
				"west": {"uv": [0, 0, 0.32812, 0.41015], "texture": "#1"},
				"up": {"uv": [0, 0, 0.61719, 0.32812], "texture": "#1"},
				"down": {"uv": [0, 0, 0.61719, 0.32812], "texture": "#1"}
			}
		},
		{
			"from": [7.66259, 5.96097, 14.5196],
			"to": [8.34149, 6.45082, 14.75594],
			"rotation": {"angle": -22.5, "axis": "x", "origin": [8.00204, 5.31859, 14.8032]},
			"faces": {
				"north": {"uv": [0, 0, 0.61719, 0.44532], "texture": "#1"},
				"east": {"uv": [0, 0, 0.21485, 0.44532], "texture": "#1"},
				"south": {"uv": [0, 0, 0.61719, 0.44532], "texture": "#1"},
				"west": {"uv": [0, 0, 0.21485, 0.44532], "texture": "#1"},
				"up": {"uv": [0, 0, 0.61719, 0.21485], "texture": "#1"},
				"down": {"uv": [0, 0, 0.61719, 0.21485], "texture": "#1"}
			}
		},
		{
			"from": [7.66259, 6.45736, 14.55249],
			"to": [8.34149, 6.83548, 14.6814],
			"rotation": {"angle": -22.5, "axis": "x", "origin": [8.00204, 5.2392, 14.83608]},
			"faces": {
				"north": {"uv": [0, 0, 0.61719, 0.34375], "texture": "#1"},
				"east": {"uv": [0, 0, 0.11719, 0.34375], "texture": "#1"},
				"south": {"uv": [0, 0, 0.61719, 0.34375], "texture": "#1"},
				"west": {"uv": [0, 0, 0.11719, 0.34375], "texture": "#1"},
				"up": {"uv": [0, 0, 0.61719, 0.11719], "texture": "#1"},
				"down": {"uv": [0, 0, 0.61719, 0.11719], "texture": "#1"}
			}
		},
		{
			"from": [7.63681, 8.34292, 0.3723],
			"to": [8.36727, 8.49333, 8.42464],
			"rotation": {"angle": 0, "axis": "x", "origin": [8.00204, 6.64137, 11.7805]},
			"faces": {
				"north": {"uv": [0, 0, 0.66406, 0.13673], "texture": "#1"},
				"east": {"uv": [0, 0, 7.32031, 0.13673], "texture": "#1"},
				"south": {"uv": [0, 0, 0.66406, 0.13673], "texture": "#1"},
				"west": {"uv": [0, 0, 7.32031, 0.13673], "texture": "#1"},
				"up": {"uv": [0, 0, 0.66406, 7.32031], "texture": "#1"},
				"down": {"uv": [0, 0, 0.66406, 7.32031], "texture": "#1"}
			}
		},
		{
			"from": [7.63681, 8.04213, 0.3723],
			"to": [8.36727, 8.19253, 8.42464],
			"rotation": {"angle": 0, "axis": "x", "origin": [8.00204, 6.90345, 11.7805]},
			"faces": {
				"north": {"uv": [0, 0, 0.66406, 0.13673], "texture": "#1"},
				"east": {"uv": [0, 0, 7.32031, 0.13673], "texture": "#1"},
				"south": {"uv": [0, 0, 0.66406, 0.13673], "texture": "#1"},
				"west": {"uv": [0, 0, 7.32031, 0.13673], "texture": "#1"},
				"up": {"uv": [0, 0, 0.66406, 7.32031], "texture": "#1"},
				"down": {"uv": [0, 0, 0.66406, 7.32031], "texture": "#1"}
			}
		},
		{
			"from": [7.75282, 8.19253, 0.3723],
			"to": [8.25126, 8.34292, 8.42464],
			"rotation": {"angle": 0, "axis": "x", "origin": [8.00204, 6.83042, 11.7805]},
			"faces": {
				"north": {"uv": [0, 0, 0.45313, 0.13673], "texture": "#1"},
				"east": {"uv": [0, 0, 7.32031, 0.13673], "texture": "#1"},
				"south": {"uv": [0, 0, 0.45313, 0.13673], "texture": "#1"},
				"west": {"uv": [0, 0, 7.32031, 0.13673], "texture": "#1"},
				"up": {"uv": [0, 0, 0.45313, 7.32031], "texture": "#1"},
				"down": {"uv": [0, 0, 0.45313, 7.32031], "texture": "#1"}
			}
		},
		{
			"from": [7.99345, 10.66755, -0.10466],
			"to": [8.01063, 10.84803, 0.15746],
			"rotation": {"angle": 0, "axis": "x", "origin": [8.00204, 7.77146, 13.61527]},
			"faces": {
				"north": {"uv": [0, 0, 0.01563, 0.16406], "texture": "#1"},
				"east": {"uv": [0, 0, 0.23829, 0.16406], "texture": "#1"},
				"south": {"uv": [0, 0, 0.01563, 0.16406], "texture": "#1"},
				"west": {"uv": [0, 0, 0.23829, 0.16406], "texture": "#1"},
				"up": {"uv": [0, 0, 0.01563, 0.23829], "texture": "#1"},
				"down": {"uv": [0, 0, 0.01563, 0.23829], "texture": "#1"}
			}
		},
		{
			"from": [7.88173, 8.94451, -0.14333],
			"to": [8.12236, 10.7406, 0.19613],
			"rotation": {"angle": 0, "axis": "x", "origin": [8.00204, 7.77146, 13.61527]},
			"faces": {
				"north": {"uv": [0, 0, 0.21875, 1.63281], "texture": "#1"},
				"east": {"uv": [0, 0, 0.3086, 1.63281], "texture": "#1"},
				"south": {"uv": [0, 0, 0.21875, 1.63281], "texture": "#1"},
				"west": {"uv": [0, 0, 0.3086, 1.63281], "texture": "#1"},
				"up": {"uv": [0, 0, 0.21875, 0.3086], "texture": "#1"},
				"down": {"uv": [0, 0, 0.21875, 0.3086], "texture": "#1"}
			}
		},
		{
			"from": [7.83447, 8.94451, -0.51716],
			"to": [8.16961, 9.57185, 0.40238],
			"rotation": {"angle": 0, "axis": "x", "origin": [8.00204, 7.77146, 13.61527]},
			"faces": {
				"north": {"uv": [0, 0, 0.30469, 0.57031], "texture": "#1"},
				"east": {"uv": [0, 0, 0.83594, 0.57031], "texture": "#1"},
				"south": {"uv": [0, 0, 0.30469, 0.57031], "texture": "#1"},
				"west": {"uv": [0, 0, 0.83594, 0.57031], "texture": "#1"},
				"up": {"uv": [0, 0, 0.30469, 0.83594], "texture": "#1"},
				"down": {"uv": [0, 0, 0.30469, 0.83594], "texture": "#1"}
			}
		},
		{
			"from": [7.88173, 10.7406, -0.14333],
			"to": [7.91611, 10.98123, 0.19613],
			"rotation": {"angle": 0, "axis": "x", "origin": [7.76142, 7.81443, 13.61527]},
			"faces": {
				"north": {"uv": [0, 0, 0.03125, 0.21875], "texture": "#1"},
				"east": {"uv": [0, 0, 0.3086, 0.21875], "texture": "#1"},
				"south": {"uv": [0, 0, 0.03125, 0.21875], "texture": "#1"},
				"west": {"uv": [0, 0, 0.3086, 0.21875], "texture": "#1"},
				"up": {"uv": [0, 0, 0.03125, 0.3086], "texture": "#1"},
				"down": {"uv": [0, 0, 0.03125, 0.3086], "texture": "#1"}
			}
		},
		{
			"from": [8.08798, 10.7406, -0.14333],
			"to": [8.12236, 10.98123, 0.19613],
			"rotation": {"angle": 0, "axis": "x", "origin": [7.81727, 7.81443, 13.61527]},
			"faces": {
				"north": {"uv": [0, 0, 0.03125, 0.21875], "texture": "#1"},
				"east": {"uv": [0, 0, 0.3086, 0.21875], "texture": "#1"},
				"south": {"uv": [0, 0, 0.03125, 0.21875], "texture": "#1"},
				"west": {"uv": [0, 0, 0.3086, 0.21875], "texture": "#1"},
				"up": {"uv": [0, 0, 0.03125, 0.3086], "texture": "#1"},
				"down": {"uv": [0, 0, 0.03125, 0.3086], "texture": "#1"}
			}
		},
		{
			"from": [7.91611, 10.94685, -0.14333],
			"to": [8.08798, 10.98123, 0.19613],
			"rotation": {"angle": 0, "axis": "z", "origin": [8.00204, 10.96405, 0.0264]},
			"faces": {
				"north": {"uv": [0, 0, 0.03125, 0.15625], "rotation": 90, "texture": "#1"},
				"east": {"uv": [0, 0, 0.03125, 0.3086], "rotation": 90, "texture": "#1"},
				"south": {"uv": [0, 0, 0.03125, 0.15625], "rotation": 90, "texture": "#1"},
				"west": {"uv": [0, 0, 0.03125, 0.3086], "rotation": 90, "texture": "#1"},
				"up": {"uv": [0, 0, 0.3086, 0.15625], "rotation": 90, "texture": "#1"},
				"down": {"uv": [0, 0, 0.3086, 0.15625], "rotation": 90, "texture": "#1"}
			}
		},
		{
			"from": [7.63681, 9.8984, 13.28871],
			"to": [8.36727, 10.29801, 14.40589],
			"rotation": {"angle": 0, "axis": "x", "origin": [8.00204, 7.8402, 13.52934]},
			"faces": {
				"north": {"uv": [0, 0, 0.66406, 0.36328], "texture": "#1"},
				"east": {"uv": [0, 0, 1.01563, 0.36328], "texture": "#1"},
				"south": {"uv": [0, 0, 0.66406, 0.36328], "texture": "#1"},
				"west": {"uv": [0, 0, 1.01563, 0.36328], "texture": "#1"},
				"up": {"uv": [5, 4, 8.66406, 6.01563], "texture": "#1"},
				"down": {"uv": [0, 0, 0.66406, 1.01563], "texture": "#1"}
			}
		},
		{
			"from": [7.88173, 10.22498, 14.118],
			"to": [8.12236, 10.76209, 14.35863],
			"rotation": {"angle": 0, "axis": "x", "origin": [8.00204, 7.77146, 13.61527]},
			"faces": {
				"north": {"uv": [0, 0, 0.21875, 0.48828], "texture": "#1"},
				"east": {"uv": [0, 0, 0.21876, 0.48828], "texture": "#1"},
				"south": {"uv": [0, 0, 0.21875, 0.48828], "texture": "#1"},
				"west": {"uv": [0, 0, 0.21876, 0.48828], "texture": "#1"},
				"up": {"uv": [0, 0, 0.21875, 0.21876], "texture": "#1"},
				"down": {"uv": [0, 0, 0.21875, 0.21876], "texture": "#1"}
			}
		},
		{
			"from": [7.3747, 9.8984, 13.82582],
			"to": [7.87743, 10.50428, 14.43168],
			"rotation": {"angle": 0, "axis": "x", "origin": [8.00204, 10.16481, 13.95043]},
			"faces": {
				"north": {"uv": [0, 0, 0.45703, 0.5508], "texture": "#1"},
				"east": {"uv": [0, 0, 0.55078, 0.5508], "texture": "#1"},
				"south": {"uv": [12, 0, 16, 3], "texture": "#1"},
				"west": {"uv": [5, 4, 8, 7], "texture": "#1"},
				"up": {"uv": [12, 0, 16, 3], "texture": "#1"},
				"down": {"uv": [0, 0, 0.45703, 0.55078], "texture": "#1"}
			}
		},
		{
			"from": [8.12665, 9.8984, 13.82582],
			"to": [8.62938, 10.50428, 14.43168],
			"rotation": {"angle": 0, "axis": "x", "origin": [8.00204, 10.16481, 13.95043]},
			"faces": {
				"north": {"uv": [0.45703, 0, 0, 0.5508], "texture": "#1"},
				"east": {"uv": [5, 4, 8, 7], "texture": "#1"},
				"south": {"uv": [0, 0, 3, 3], "texture": "#1"},
				"west": {"uv": [0.55078, 0, 0, 0.5508], "texture": "#1"},
				"up": {"uv": [0, 0, 3, 3], "texture": "#1"},
				"down": {"uv": [0.45703, 0, 0, 0.55078], "texture": "#1"}
			}
		},
		{
			"from": [7.88173, 10.75774, 14.16527],
			"to": [7.95048, 10.99842, 14.31136],
			"rotation": {"angle": 0, "axis": "x", "origin": [8.00204, 7.75851, 13.61527]},
			"faces": {
				"north": {"uv": [0, 0, 0.0625, 0.2188], "texture": "#1"},
				"east": {"uv": [0, 0, 0.13282, 0.2188], "texture": "#1"},
				"south": {"uv": [0, 0, 0.0625, 0.2188], "texture": "#1"},
				"west": {"uv": [0, 0, 0.13282, 0.2188], "texture": "#1"},
				"up": {"uv": [0, 0, 0.0625, 0.13282], "texture": "#1"},
				"down": {"uv": [0, 0, 0.0625, 0.13282], "texture": "#1"}
			}
		},
		{
			"from": [8.05361, 10.75774, 14.16527],
			"to": [8.12236, 10.99842, 14.31136],
			"rotation": {"angle": 0, "axis": "x", "origin": [8.00204, 7.75851, 13.61527]},
			"faces": {
				"north": {"uv": [0.0625, 0, 0, 0.2188], "texture": "#1"},
				"east": {"uv": [0.13282, 0, 0, 0.2188], "texture": "#1"},
				"south": {"uv": [0.0625, 0, 0, 0.2188], "texture": "#1"},
				"west": {"uv": [0.13282, 0, 0, 0.2188], "texture": "#1"},
				"up": {"uv": [0.0625, 0, 0, 0.13282], "texture": "#1"},
				"down": {"uv": [0.0625, 0, 0, 0.13282], "texture": "#1"}
			}
		},
		{
			"from": [7.94613, 10.92967, 14.16527],
			"to": [8.0579, 10.99842, 14.31137],
			"rotation": {"angle": 0, "axis": "z", "origin": [8.00202, 10.96405, 14.23832]},
			"faces": {
				"north": {"uv": [0.0625, 0, 0, 0.10161], "rotation": 90, "texture": "#1"},
				"east": {"uv": [0.0625, 0, 0, 0.13282], "rotation": 90, "texture": "#1"},
				"south": {"uv": [0.0625, 0, 0, 0.10161], "rotation": 90, "texture": "#1"},
				"west": {"uv": [0.0625, 0, 0, 0.13282], "rotation": 90, "texture": "#1"},
				"up": {"uv": [0.13282, 0, 0, 0.10161], "rotation": 90, "texture": "#1"},
				"down": {"uv": [0.13282, 0, 0, 0.10161], "rotation": 90, "texture": "#1"}
			}
		},
		{
			"from": [7.94613, 10.76209, 14.16527],
			"to": [8.0579, 10.83084, 14.31137],
			"rotation": {"angle": 0, "axis": "z", "origin": [8.00202, 10.96405, 14.23832]},
			"faces": {
				"north": {"uv": [0.0625, 0, 0, 0.10161], "rotation": 90, "texture": "#1"},
				"east": {"uv": [0.0625, 0, 0, 0.13282], "rotation": 90, "texture": "#1"},
				"south": {"uv": [0.0625, 0, 0, 0.10161], "rotation": 90, "texture": "#1"},
				"west": {"uv": [0.0625, 0, 0, 0.13282], "rotation": 90, "texture": "#1"},
				"up": {"uv": [0.13282, 0, 0, 0.10161], "rotation": 90, "texture": "#1"},
				"down": {"uv": [0.13282, 0, 0, 0.10161], "rotation": 90, "texture": "#1"}
			}
		},
		{
			"from": [7.50575, 7.90465, 12.97505],
			"to": [8.49833, 8.02067, 13.37038],
			"rotation": {"angle": 0, "axis": "x", "origin": [7.63895, 7.36324, 13.52934]},
			"faces": {
				"north": {"uv": [0, 0, 0.90234, 0.10546], "texture": "#1"},
				"east": {"uv": [0, 0, 0.35939, 0.10546], "texture": "#1"},
				"south": {"uv": [0, 0, 0.90234, 0.10546], "texture": "#1"},
				"west": {"uv": [0, 0, 0.35939, 0.10546], "texture": "#1"},
				"up": {"uv": [0, 0, 0.90234, 0.35939], "texture": "#1"},
				"down": {"uv": [0, 0, 0.90234, 0.35939], "texture": "#1"}
			}
		},
		{
			"from": [7.56161, 7.76286, 12.7645],
			"to": [8.44247, 8.16246, 13.16413],
			"rotation": {"angle": 0, "axis": "x", "origin": [7.63895, 7.36324, 13.52934]},
			"faces": {
				"north": {"uv": [0, 0, 0.80078, 0.36327], "texture": "#1"},
				"east": {"uv": [0, 0, 0.3633, 0.36327], "texture": "#1"},
				"south": {"uv": [0, 0, 0.80078, 0.36327], "texture": "#1"},
				"west": {"uv": [0, 0, 0.3633, 0.36327], "texture": "#1"},
				"up": {"uv": [0, 0, 0.80078, 0.3633], "texture": "#1"},
				"down": {"uv": [0, 0, 0.80078, 0.3633], "texture": "#1"}
			}
		},
		{
			"from": [8.33075, 8.64372, 11.48403],
			"to": [8.79911, 9.04331, 11.96957],
			"rotation": {"angle": 0, "axis": "x", "origin": [7.63895, 7.36324, 13.52934]},
			"faces": {
				"north": {"uv": [0, 0, 0.42578, 0.36327], "texture": "#1"},
				"east": {"uv": [0, 0, 0.4414, 0.36327], "texture": "#1"},
				"south": {"uv": [0, 0, 0.42578, 0.36327], "texture": "#1"},
				"west": {"uv": [0, 0, 0.4414, 0.36327], "texture": "#1"},
				"up": {"uv": [0, 0, 0.42578, 0.4414], "texture": "#1"},
				"down": {"uv": [0, 0, 0.42578, 0.4414], "texture": "#1"}
			}
		},
		{
			"from": [8.28993, 8.64372, 9.03481],
			"to": [8.44032, 9.04331, 12.00395],
			"rotation": {"angle": 0, "axis": "x", "origin": [8.00204, 7.36324, 13.52934]},
			"faces": {
				"north": {"uv": [0, 0, 0.13672, 0.36327], "texture": "#1"},
				"east": {"uv": [0, 0, 2.69922, 0.36327], "texture": "#1"},
				"south": {"uv": [0, 0, 0.13672, 0.36327], "texture": "#1"},
				"west": {"uv": [0, 0, 2.69922, 0.36327], "texture": "#1"},
				"up": {"uv": [0, 0, 0.13672, 2.69922], "texture": "#1"},
				"down": {"uv": [0, 0, 0.13672, 2.69922], "texture": "#1"}
			}
		},
		{
			"from": [7.42411, 8.64372, 7.03246],
			"to": [8.57997, 9.04331, 8.95746],
			"rotation": {"angle": 0, "axis": "x", "origin": [7.63895, 7.36324, 13.52934]},
			"faces": {
				"north": {"uv": [0, 0, 1.05078, 0.36327], "texture": "#1"},
				"east": {"uv": [0, 0, 1.75, 0.36327], "texture": "#1"},
				"south": {"uv": [0, 0, 1.05078, 0.36327], "texture": "#1"},
				"west": {"uv": [0, 0, 1.75, 0.36327], "texture": "#1"},
				"up": {"uv": [0, 0, 1.05078, 1.75], "texture": "#1"},
				"down": {"uv": [0, 0, 1.05078, 1.75], "texture": "#1"}
			}
		},
		{
			"from": [7.63248, 9.43863, 8.12818],
			"to": [8.3716, 9.6191, 11.31218],
			"rotation": {"angle": 0, "axis": "x", "origin": [8.32859, 7.6898, 15.32116]},
			"faces": {
				"north": {"uv": [0, 0, 0.67191, 0.16406], "texture": "#1"},
				"east": {"uv": [0, 0, 2.89454, 0.16406], "texture": "#1"},
				"south": {"uv": [0, 0, 0.67191, 0.16406], "texture": "#1"},
				"west": {"uv": [0, 0, 2.89454, 0.16406], "texture": "#1"},
				"up": {"uv": [0, 0, 0.67191, 2.89454], "texture": "#1"},
				"down": {"uv": [0, 0, 0.67191, 2.89454], "texture": "#1"}
			}
		},
		{
			"from": [7.63248, 9.43863, 6.86491],
			"to": [8.3716, 9.73512, 7.92194],
			"rotation": {"angle": 0, "axis": "x", "origin": [8.32859, 7.6898, 15.32116]},
			"faces": {
				"north": {"uv": [0, 0, 0.67191, 0.26953], "texture": "#1"},
				"east": {"uv": [0, 0, 0.96095, 0.26953], "texture": "#1"},
				"south": {"uv": [0, 0, 0.67191, 0.26953], "texture": "#1"},
				"west": {"uv": [0, 0, 0.96095, 0.26953], "texture": "#1"},
				"up": {"uv": [0, 0, 0.67191, 0.96095], "texture": "#1"},
				"down": {"uv": [0, 0, 0.67191, 0.96095], "texture": "#1"}
			}
		},
		{
			"from": [7.63248, 9.43863, 5.68756],
			"to": [8.3716, 9.73512, 6.7446],
			"rotation": {"angle": 0, "axis": "x", "origin": [8.32859, 7.6898, 15.32116]},
			"faces": {
				"north": {"uv": [0, 0, 0.67191, 0.26953], "texture": "#1"},
				"east": {"uv": [0, 0, 0.96095, 0.26953], "texture": "#1"},
				"south": {"uv": [0, 0, 0.67191, 0.26953], "texture": "#1"},
				"west": {"uv": [0, 0, 0.96095, 0.26953], "texture": "#1"},
				"up": {"uv": [0, 0, 0.67191, 0.96095], "texture": "#1"},
				"down": {"uv": [0, 0, 0.67191, 0.96095], "texture": "#1"}
			}
		},
		{
			"from": [7.63248, 9.43863, 4.5145],
			"to": [8.3716, 9.73512, 5.57154],
			"rotation": {"angle": 0, "axis": "x", "origin": [8.32859, 7.6898, 14.59497]},
			"faces": {
				"north": {"uv": [0, 0, 0.67191, 0.26953], "texture": "#1"},
				"east": {"uv": [0, 0, 0.96095, 0.26953], "texture": "#1"},
				"south": {"uv": [0, 0, 0.67191, 0.26953], "texture": "#1"},
				"west": {"uv": [0, 0, 0.96095, 0.26953], "texture": "#1"},
				"up": {"uv": [0, 0, 0.67191, 0.96095], "texture": "#1"},
				"down": {"uv": [0, 0, 0.67191, 0.96095], "texture": "#1"}
			}
		},
		{
			"from": [7.76142, 9.08629, 3.01488],
			"to": [8.21693, 9.54176, 4.12348],
			"rotation": {"angle": 0, "axis": "x", "origin": [8.31142, 7.36324, 13.92035]},
			"faces": {
				"north": {"uv": [0, 0, 0.4141, 0.41406], "texture": "#1"},
				"east": {"uv": [0, 0, 1.00782, 0.41406], "texture": "#1"},
				"south": {"uv": [0, 0, 0.4141, 0.41406], "texture": "#1"},
				"west": {"uv": [0, 0, 1.00782, 0.41406], "texture": "#1"},
				"up": {"uv": [0, 0, 0.4141, 1.00782], "texture": "#1"},
				"down": {"uv": [0, 0, 0.4141, 1.00782], "texture": "#1"}
			}
		},
		{
			"from": [7.77429, 8.62222, -2.657],
			"to": [8.2298, 9.07769, 0.35512],
			"rotation": {"angle": 0, "axis": "x", "origin": [8.32429, 7.36324, 13.92035]},
			"faces": {
				"north": {"uv": [0, 0, 0.4141, 0.41406], "texture": "#1"},
				"east": {"uv": [0, 0, 2, 2], "texture": "#1"},
				"south": {"uv": [0, 0, 0.4141, 0.41406], "texture": "#1"},
				"west": {"uv": [0, 0, 2, 2], "texture": "#1"},
				"up": {"uv": [5, 5, 7, 11], "texture": "#1"},
				"down": {"uv": [0, 0, 0.4141, 2.73829], "texture": "#1"}
			}
		},
		{
			"from": [7.74855, 8.59644, -5.29098],
			"to": [8.25554, 9.10347, -2.657],
			"rotation": {"angle": 0, "axis": "x", "origin": [8.29855, 7.36324, 10.90825]},
			"faces": {
				"north": {"uv": [0, 0, 0.4609, 0.46094], "texture": "#1"},
				"east": {"uv": [0, 0, 2, 2], "texture": "#1"},
				"south": {"uv": [0, 0, 0.4609, 0.46094], "texture": "#1"},
				"west": {"uv": [0, 0, 2, 2], "texture": "#1"},
				"up": {"uv": [7, 1, 9, 8], "texture": "#1"},
				"down": {"uv": [0, 0, 0.4609, 2.39453], "texture": "#1"}
			}
		},
		{
			"from": [7.56161, 8.02497, 10.9813],
			"to": [7.64754, 9.04331, 11.33364],
			"rotation": {"angle": 0, "axis": "x", "origin": [7.63895, 7.36324, 13.52934]},
			"faces": {
				"north": {"uv": [0, 0, 0.07813, 0.92577], "texture": "#1"},
				"east": {"uv": [0, 0, 0.32031, 0.92577], "texture": "#1"},
				"south": {"uv": [0, 0, 0.07813, 0.92577], "texture": "#1"},
				"west": {"uv": [0, 0, 0.32031, 0.92577], "texture": "#1"},
				"up": {"uv": [0, 0, 0.07813, 0.32031], "texture": "#1"},
				"down": {"uv": [0, 0, 0.07813, 0.32031], "texture": "#1"}
			}
		},
		{
			"from": [7.60888, 7.5609, 10.38832],
			"to": [7.64754, 7.89605, 11.33364],
			"rotation": {"angle": 0, "axis": "x", "origin": [7.63895, 7.36324, 13.52934]},
			"faces": {
				"north": {"uv": [0, 0, 0.03516, 0.30468], "texture": "#1"},
				"east": {"uv": [0, 0, 0.85937, 0.30468], "texture": "#1"},
				"south": {"uv": [0, 0, 0.03516, 0.30468], "texture": "#1"},
				"west": {"uv": [0, 0, 0.85937, 0.30468], "texture": "#1"},
				"up": {"uv": [0, 0, 0.03516, 0.85937], "texture": "#1"},
				"down": {"uv": [0, 0, 0.03516, 0.85937], "texture": "#1"}
			}
		},
		{
			"from": [7.12546, 9.39567, 9.64108],
			"to": [7.6712, 9.65351, 9.89894],
			"rotation": {"angle": 0, "axis": "x", "origin": [8.32859, 7.6898, 15.32116]},
			"faces": {
				"north": {"uv": [0, 0, 0.49613, 0.2344], "texture": "#1"},
				"east": {"uv": [0, 0, 0.23441, 0.2344], "texture": "#1"},
				"south": {"uv": [0, 0, 0.49613, 0.2344], "texture": "#1"},
				"west": {"uv": [0, 0, 0.23441, 0.2344], "texture": "#1"},
				"up": {"uv": [0, 0, 0.49613, 0.23441], "texture": "#1"},
				"down": {"uv": [0, 0, 0.49613, 0.23441], "texture": "#1"}
			}
		},
		{
			"from": [7.63695, 7.09905, 10.23325],
			"to": [8.36724, 7.24514, 10.55982],
			"rotation": {"angle": 22.5, "axis": "x", "origin": [8.00204, 7.36975, 9.76704]},
			"faces": {
				"north": {"uv": [0, 0, 0.66406, 0.13281], "texture": "#0"},
				"east": {"uv": [0, 0, 0.29688, 0.13281], "texture": "#0"},
				"south": {"uv": [0, 0, 0.66406, 0.13281], "texture": "#0"},
				"west": {"uv": [0, 0, 0.29688, 0.13281], "texture": "#0"},
				"up": {"uv": [0, 0, 0.66406, 0.29688], "texture": "#0"},
				"down": {"uv": [0, 0, 0.66406, 0.29688], "texture": "#0"}
			}
		},
		{
			"from": [7.63681, 7.4234, 11.2391],
			"to": [8.36727, 8.49333, 13.69691],
			"rotation": {"angle": 0, "axis": "x", "origin": [8.00204, 6.64137, 13.55512]},
			"faces": {
				"north": {"uv": [0, 0, 0.66406, 0.97266], "texture": "#0"},
				"east": {"uv": [0, 0, 2.89453, 3.83593], "texture": "#0"},
				"south": {"uv": [0, 0, 0.66406, 0.97266], "texture": "#0"},
				"west": {"uv": [0, 0, 2.23437, 3.97266], "texture": "#0"},
				"up": {"uv": [0, 0, 0.66406, 2.23437], "texture": "#0"},
				"down": {"uv": [0, 0, 0.66406, 2.23437], "texture": "#0"}
			}
		},
		{
			"from": [7.79579, 6.70583, 12.58402],
			"to": [8.20829, 7.44058, 12.78168],
			"rotation": {"angle": 0, "axis": "x", "origin": [8.00204, 5.82496, 12.63988]},
			"faces": {
				"north": {"uv": [0, 0, 0.375, 0.66796], "texture": "#0"},
				"east": {"uv": [0, 0, 0.17969, 0.66796], "texture": "#0"},
				"south": {"uv": [0, 0, 0.375, 0.66796], "texture": "#0"},
				"west": {"uv": [0, 0, 0.17969, 0.66796], "texture": "#0"},
				"up": {"uv": [0, 0, 0.375, 0.17969], "texture": "#0"},
				"down": {"uv": [0, 0, 0.375, 0.17969], "texture": "#0"}
			}
		},
		{
			"from": [7.79579, 6.71012, 11.2348],
			"to": [8.20829, 6.80035, 12.58402],
			"rotation": {"angle": 0, "axis": "x", "origin": [8.00204, 5.82496, 12.84613]},
			"faces": {
				"north": {"uv": [0, 0, 0.375, 0.08203], "texture": "#0"},
				"east": {"uv": [0, 0, 1.22656, 0.08203], "texture": "#0"},
				"south": {"uv": [0, 0, 0.375, 0.08203], "texture": "#0"},
				"west": {"uv": [0, 0, 1.22656, 0.08203], "texture": "#0"},
				"up": {"uv": [0, 0, 0.375, 1.22656], "texture": "#0"},
				"down": {"uv": [0, 0, 0.375, 1.22656], "texture": "#0"}
			}
		},
		{
			"from": [7.94813, 6.94, 11.83304],
			"to": [8.05595, 7.66812, 11.98578],
			"rotation": {"angle": 22.5, "axis": "x", "origin": [8.00204, 6.99351, 11.90941]},
			"faces": {
				"north": {"uv": [0, 0, 0.375, 1.22656], "rotation": 180, "texture": "#1"},
				"east": {"uv": [0, 0, 1.22656, 0.08203], "rotation": 90, "texture": "#1"},
				"south": {"uv": [0, 0, 0.375, 1.22656], "texture": "#1"},
				"west": {"uv": [0, 0, 1.22656, 0.08203], "rotation": 270, "texture": "#1"},
				"up": {"uv": [0, 0, 0.375, 0.08203], "texture": "#1"},
				"down": {"uv": [0, 0, 0.375, 0.08203], "rotation": 180, "texture": "#1"}
			}
		},
		{
			"from": [7.63681, 7.77145, 13.69691],
			"to": [8.36727, 8.49333, 14.57348],
			"rotation": {"angle": 0, "axis": "x", "origin": [8.00204, 6.64137, 13.52934]},
			"faces": {
				"north": {"uv": [0, 0, 0.66406, 0.65625], "texture": "#0"},
				"east": {"uv": [0, 0, 0.89453, 3.83593], "texture": "#0"},
				"south": {"uv": [0, 0, 0.66406, 0.65625], "texture": "#0"},
				"west": {"uv": [0, 0, 0.79688, 3.65625], "texture": "#0"},
				"up": {"uv": [0, 0, 0.66406, 0.79688], "texture": "#0"},
				"down": {"uv": [0, 0, 0.66406, 0.79688], "texture": "#0"}
			}
		},
		{
			"from": [7.56806, 8.49333, 3.6895],
			"to": [8.43602, 9.41285, 14.57348],
			"rotation": {"angle": 0, "axis": "x", "origin": [8.00204, 7.36324, 13.52934]},
			"faces": {
				"north": {"uv": [0, 0, 0.78906, 0.83593], "texture": "#0"},
				"east": {"uv": [0, 0, 9.89453, 3.83593], "texture": "#0"},
				"south": {"uv": [0, 0, 0.78906, 0.83593], "texture": "#0"},
				"west": {"uv": [0, 0, 9.89453, 3.83593], "texture": "#0"},
				"up": {"uv": [0, 0, 0.78906, 9.89453], "texture": "#0"},
				"down": {"uv": [0, 0, 0.78906, 9.89453], "texture": "#0"}
			}
		},
		{
			"from": [7.63681, 9.41285, 3.6895],
			"to": [8.36727, 9.7609, 14.57348],
			"rotation": {"angle": 0, "axis": "x", "origin": [8.00204, 7.34606, 13.52934]},
			"faces": {
				"north": {"uv": [0, 0, 0.66406, 0.31641], "texture": "#0"},
				"east": {"uv": [0, 0, 9.89453, 0.31641], "texture": "#0"},
				"south": {"uv": [0, 0, 0.66406, 0.31641], "texture": "#0"},
				"west": {"uv": [0, 0, 9.89453, 0.31641], "texture": "#0"},
				"up": {"uv": [0, 0, 0.66406, 9.89453], "texture": "#0"},
				"down": {"uv": [0, 0, 0.66406, 9.89453], "texture": "#0"}
			}
		},
		{
			"from": [7.60458, 7.78863, 15.27816],
			"to": [8.3995, 9.57183, 15.73363],
			"rotation": {"angle": 0, "axis": "x", "origin": [7.99559, 7.34606, 14.5348]},
			"faces": {
				"north": {"uv": [0, 0, 0.72265, 1.62109], "texture": "#0"},
				"east": {"uv": [0, 0, 0.41406, 1.62109], "texture": "#0"},
				"south": {"uv": [0, 0, 0.72265, 1.62109], "texture": "#0"},
				"west": {"uv": [0, 0, 0.41406, 1.62109], "texture": "#0"},
				"up": {"uv": [0, 0, 0.72265, 0.41406], "texture": "#0"},
				"down": {"uv": [0, 0, 0.72265, 0.41406], "texture": "#0"}
			}
		},
		{
			"from": [7.60458, 7.78863, 15.73363],
			"to": [8.3995, 8.45895, 15.9098],
			"rotation": {"angle": 0, "axis": "x", "origin": [7.99559, 7.34606, 14.99027]},
			"faces": {
				"north": {"uv": [0, 0, 0.72265, 0.60938], "texture": "#0"},
				"east": {"uv": [0, 0, 0.16016, 0.60938], "texture": "#0"},
				"south": {"uv": [0, 0, 0.72265, 0.60938], "texture": "#0"},
				"west": {"uv": [0, 0, 0.16016, 0.60938], "texture": "#0"},
				"up": {"uv": [0, 0, 0.72265, 0.16016], "texture": "#0"},
				"down": {"uv": [0, 0, 0.72265, 0.16016], "texture": "#0"}
			}
		},
		{
			"from": [7.60458, 9.08178, 15.68121],
			"to": [8.3995, 9.29234, 16.11521],
			"rotation": {"angle": 0, "axis": "x", "origin": [7.99559, 8.32554, 14.20739]},
			"faces": {
				"north": {"uv": [0, 0, 0.72265, 0.19142], "texture": "#0"},
				"east": {"uv": [0, 0, 0.39454, 0.19142], "texture": "#0"},
				"south": {"uv": [0, 0, 0.72265, 0.19142], "texture": "#0"},
				"west": {"uv": [0, 0, 0.39454, 0.19142], "texture": "#0"},
				"up": {"uv": [0, 0, 0.72265, 0.39454], "texture": "#0"},
				"down": {"uv": [0, 0, 0.72265, 0.39454], "texture": "#0"}
			}
		},
		{
			"from": [7.60458, 9.29234, 15.68121],
			"to": [8.3995, 9.43843, 15.982],
			"rotation": {"angle": 0, "axis": "x", "origin": [7.99559, 8.53609, 14.20739]},
			"faces": {
				"north": {"uv": [0, 0, 0.72265, 0.13281], "texture": "#0"},
				"east": {"uv": [0, 0, 0.27344, 0.13281], "texture": "#0"},
				"south": {"uv": [0, 0, 0.72265, 0.13281], "texture": "#0"},
				"west": {"uv": [0, 0, 0.27344, 0.13281], "texture": "#0"},
				"up": {"uv": [0, 0, 0.72265, 0.27344], "texture": "#0"},
				"down": {"uv": [0, 0, 0.72265, 0.27344], "texture": "#0"}
			}
		},
		{
			"from": [7.60458, 8.29996, 15.9098],
			"to": [8.3995, 8.45895, 16.94105],
			"rotation": {"angle": 0, "axis": "x", "origin": [7.99559, 7.34606, 15.16645]},
			"faces": {
				"north": {"uv": [0, 0, 0.72265, 0.14454], "texture": "#0"},
				"east": {"uv": [0, 0, 0.9375, 0.14454], "texture": "#0"},
				"south": {"uv": [0, 0, 0.72265, 0.14454], "texture": "#0"},
				"west": {"uv": [0, 0, 0.9375, 0.14454], "texture": "#0"},
				"up": {"uv": [0, 0, 0.72265, 0.9375], "texture": "#0"},
				"down": {"uv": [0, 0, 0.72265, 0.9375], "texture": "#0"}
			}
		},
		{
			"from": [7.60472, 7.92223, 15.8643],
			"to": [8.39947, 9.09529, 16.1479],
			"rotation": {"angle": -22.5, "axis": "x", "origin": [7.99559, 8.1156, 15.95669]},
			"faces": {
				"north": {"uv": [0, 0, 0.72265, 1.06642], "texture": "#0"},
				"east": {"uv": [0, 0, 0.25782, 1.06642], "texture": "#0"},
				"south": {"uv": [0, 0, 0.72265, 1.06642], "texture": "#0"},
				"west": {"uv": [0, 0, 0.25782, 1.06642], "texture": "#0"},
				"up": {"uv": [0, 0, 0.72265, 0.25782], "texture": "#0"},
				"down": {"uv": [0, 0, 0.72265, 0.25782], "texture": "#0"}
			}
		},
		{
			"from": [7.60458, 7.78863, 15.9098],
			"to": [8.3995, 8.08512, 16.92387],
			"rotation": {"angle": 0, "axis": "x", "origin": [7.99559, 7.34606, 15.16645]},
			"faces": {
				"north": {"uv": [0, 0, 0.72265, 0.26953], "texture": "#0"},
				"east": {"uv": [0, 0, 0.92188, 0.26953], "texture": "#0"},
				"south": {"uv": [0, 0, 0.72265, 0.26953], "texture": "#0"},
				"west": {"uv": [0, 0, 0.92188, 0.26953], "texture": "#0"},
				"up": {"uv": [0, 0, 0.72265, 0.92188], "texture": "#0"},
				"down": {"uv": [0, 0, 0.72265, 0.92188], "texture": "#0"}
			}
		},
		{
			"from": [7.60483, 7.60952, 16.81027],
			"to": [8.39936, 8.33139, 17.40753],
			"rotation": {"angle": 22.5, "axis": "x", "origin": [7.99559, 7.71909, 17.30012]},
			"faces": {
				"north": {"uv": [0, 0, 0.72265, 0.65625], "texture": "#0"},
				"east": {"uv": [0, 0, 0.54296, 0.65625], "texture": "#0"},
				"south": {"uv": [0, 0, 0.72265, 0.65625], "texture": "#0"},
				"west": {"uv": [0, 0, 0.54296, 0.65625], "texture": "#0"},
				"up": {"uv": [0, 0, 0.72265, 0.54296], "texture": "#0"},
				"down": {"uv": [0, 0, 0.72265, 0.54296], "texture": "#0"}
			}
		},
		{
			"from": [7.60472, 8.38407, 15.63782],
			"to": [8.39947, 8.58173, 17.21907],
			"rotation": {"angle": 45, "axis": "x", "origin": [7.99559, 8.57099, 16.9011]},
			"faces": {
				"north": {"uv": [0, 0, 0.72265, 0.17969], "texture": "#0"},
				"east": {"uv": [0, 0, 1.4375, 0.17969], "texture": "#0"},
				"south": {"uv": [0, 0, 0.72265, 0.17969], "texture": "#0"},
				"west": {"uv": [0, 0, 1.4375, 0.17969], "texture": "#0"},
				"up": {"uv": [0, 0, 0.72265, 1.4375], "texture": "#0"},
				"down": {"uv": [0, 0, 0.72265, 1.4375], "texture": "#0"}
			}
		},
		{
			"from": [7.60458, 8.51747, 15.38945],
			"to": [8.3995, 8.66786, 15.57851],
			"rotation": {"angle": 45, "axis": "x", "origin": [7.99559, 8.70438, 16.65272]},
			"faces": {
				"north": {"uv": [0, 0, 0.72265, 0.13672], "texture": "#0"},
				"east": {"uv": [0, 0, 0.17187, 0.13672], "texture": "#0"},
				"south": {"uv": [0, 0, 0.72265, 0.13672], "texture": "#0"},
				"west": {"uv": [0, 0, 0.17187, 0.13672], "texture": "#0"},
				"up": {"uv": [0, 0, 0.72265, 0.17187], "texture": "#0"},
				"down": {"uv": [0, 0, 0.72265, 0.17187], "texture": "#0"}
			}
		},
		{
			"from": [7.60472, 7.44613, 17.08474],
			"to": [8.39947, 7.66527, 17.71638],
			"rotation": {"angle": 45, "axis": "x", "origin": [7.99559, 7.5557, 17.40056]},
			"faces": {
				"north": {"uv": [0, 0, 0.72265, 0.19922], "texture": "#0"},
				"east": {"uv": [0, 0, 0.57422, 0.19922], "texture": "#0"},
				"south": {"uv": [0, 0, 0.72265, 0.19922], "texture": "#0"},
				"west": {"uv": [0, 0, 0.57422, 0.19922], "texture": "#0"},
				"up": {"uv": [0, 0, 0.72265, 0.57422], "texture": "#0"},
				"down": {"uv": [0, 0, 0.72265, 0.57422], "texture": "#0"}
			}
		},
		{
			"from": [7.60458, 6.86415, 17.40057],
			"to": [8.3995, 8.57002, 20.1076],
			"rotation": {"angle": 0, "axis": "x", "origin": [7.99559, 7.57099, 17.41131]},
			"faces": {
				"north": {"uv": [0, 0, 0.72265, 1.55079], "texture": "#0"},
				"east": {"uv": [0, 0, 2.46094, 1.55079], "texture": "#0"},
				"south": {"uv": [0, 0, 0.72265, 1.55079], "texture": "#0"},
				"west": {"uv": [0, 0, 2.46094, 1.55079], "texture": "#0"},
				"up": {"uv": [0, 0, 0.72265, 2.46094], "texture": "#0"},
				"down": {"uv": [0, 0, 0.72265, 2.46094], "texture": "#0"}
			}
		},
		{
			"from": [7.64325, 5.78564, 20.1076],
			"to": [8.36083, 9.1458, 20.49003],
			"rotation": {"angle": 0, "axis": "x", "origin": [7.99559, 7.57099, 20.11835]},
			"faces": {
				"north": {"uv": [0, 0, 0.65234, 3.05469], "texture": "#0"},
				"east": {"uv": [0, 0, 0.34766, 3.05469], "texture": "#0"},
				"south": {"uv": [0, 0, 0.65234, 3.05469], "texture": "#0"},
				"west": {"uv": [0, 0, 0.34766, 3.05469], "texture": "#0"},
				"up": {"uv": [0, 0, 0.65234, 0.34766], "texture": "#0"},
				"down": {"uv": [0, 0, 0.65234, 0.34766], "texture": "#0"}
			}
		},
		{
			"from": [7.63681, 9.41285, 0.35512],
			"to": [8.36727, 9.7609, 1.39496],
			"rotation": {"angle": 0, "axis": "x", "origin": [8.00204, 7.34606, 10.19496]},
			"faces": {
				"north": {"uv": [0, 0, 0.66406, 0.31641], "texture": "#0"},
				"east": {"uv": [0, 0, 0.94531, 0.31641], "texture": "#0"},
				"south": {"uv": [0, 0, 0.66406, 0.31641], "texture": "#0"},
				"west": {"uv": [0, 0, 0.94531, 0.31641], "texture": "#0"},
				"up": {"uv": [0, 0, 0.66406, 0.94531], "texture": "#0"},
				"down": {"uv": [0, 0, 0.66406, 0.94531], "texture": "#0"}
			}
		},
		{
			"from": [7.56804, 8.49333, 0.35512],
			"to": [8.43605, 9.41285, 1.39496],
			"rotation": {"angle": 0, "axis": "x", "origin": [7.93327, 7.36324, 13.52934]},
			"faces": {
				"north": {"uv": [0, 0, 0.7891, 0.83593], "texture": "#0"},
				"east": {"uv": [0, 0, 0.89453, 3.83593], "texture": "#0"},
				"south": {"uv": [0, 0, 0.7891, 0.83593], "texture": "#0"},
				"west": {"uv": [0, 0, 0.94531, 3.83593], "texture": "#0"},
				"up": {"uv": [0, 0, 0.7891, 0.94531], "texture": "#0"},
				"down": {"uv": [0, 0, 0.7891, 0.94531], "texture": "#0"}
			}
		},
		{
			"from": [7.56804, 8.49333, 1.39496],
			"to": [8.43605, 9.18083, 3.6895],
			"rotation": {"angle": 0, "axis": "x", "origin": [7.93327, 7.36324, 15.82387]},
			"faces": {
				"north": {"uv": [0, 0, 0.7891, 0.625], "texture": "#0"},
				"east": {"uv": [0, 0, 1.89453, 3.83593], "texture": "#0"},
				"south": {"uv": [0, 0, 0.7891, 0.625], "texture": "#0"},
				"west": {"uv": [0, 0, 2.08594, 3.625], "texture": "#0"},
				"up": {"uv": [0, 0, 0.7891, 2.08594], "texture": "#0"},
				"down": {"uv": [0, 0, 0.7891, 2.08594], "texture": "#0"}
			}
		},
		{
			"from": [7.63681, 9.67926, 1.39496],
			"to": [8.36727, 9.7609, 3.6895],
			"rotation": {"angle": 0, "axis": "x", "origin": [8.00204, 7.36324, 15.82387]},
			"faces": {
				"north": {"uv": [0, 0, 0.66406, 0.07422], "texture": "#0"},
				"east": {"uv": [0, 0, 2.08594, 0.07422], "texture": "#0"},
				"south": {"uv": [0, 0, 0.66406, 0.07422], "texture": "#0"},
				"west": {"uv": [0, 0, 2.08594, 0.07422], "texture": "#0"},
				"up": {"uv": [0, 0, 0.66406, 2.08594], "texture": "#0"},
				"down": {"uv": [0, 0, 0.66406, 2.08594], "texture": "#0"}
			}
		},
		{
			"from": [7.67548, 9.91129, 0.35512],
			"to": [8.32861, 10.06166, 14.57348],
			"rotation": {"angle": 0, "axis": "x", "origin": [8.00204, 7.33747, 13.52934]},
			"faces": {
				"north": {"uv": [0, 0, 0.59375, 0.1367], "texture": "#0"},
				"east": {"uv": [0, 0, 12.92578, 0.1367], "texture": "#0"},
				"south": {"uv": [0, 0, 0.59375, 0.1367], "texture": "#0"},
				"west": {"uv": [0, 0, 12.92578, 0.1367], "texture": "#0"},
				"up": {"uv": [0, 2, 16, 3.59375], "rotation": 90, "texture": "#0"},
				"down": {"uv": [0, 0, 0.59375, 12.92578], "texture": "#0"}
			}
		},
		{
			"from": [7.76142, 9.7609, 0.35512],
			"to": [8.24267, 9.91127, 14.57348],
			"rotation": {"angle": 0, "axis": "x", "origin": [8.00204, 7.18708, 13.52934]},
			"faces": {
				"north": {"uv": [0, 0, 0.4375, 0.1367], "texture": "#0"},
				"east": {"uv": [0, 0, 12.92578, 0.1367], "texture": "#0"},
				"south": {"uv": [0, 0, 0.4375, 0.1367], "texture": "#0"},
				"west": {"uv": [0, 0, 12.92578, 0.1367], "texture": "#0"},
				"up": {"uv": [0, 0, 0.4375, 12.92578], "texture": "#0"},
				"down": {"uv": [0, 0, 0.4375, 12.92578], "texture": "#0"}
			}
		},
		{
			"from": [7.63695, 7.71783, 13.39496],
			"to": [8.36724, 7.8983, 13.73012],
			"rotation": {"angle": -45, "axis": "x", "origin": [8.00204, 7.98854, 13.7516]},
			"faces": {
				"north": {"uv": [0, 0, 0.66406, 0.16407], "texture": "#0"},
				"east": {"uv": [0, 0, 0.30469, 0.16407], "texture": "#0"},
				"south": {"uv": [0, 0, 0.66406, 0.16407], "texture": "#0"},
				"west": {"uv": [0, 0, 0.30469, 0.16407], "texture": "#0"},
				"up": {"uv": [0, 0, 0.66406, 0.30469], "texture": "#0"},
				"down": {"uv": [0, 0, 0.66406, 0.30469], "texture": "#0"}
			}
		},
		{
			"from": [7.63681, 7.10972, 9.10355],
			"to": [8.36727, 8.49333, 11.2391],
			"rotation": {"angle": 0, "axis": "x", "origin": [8.00204, 6.64137, 11.0973]},
			"faces": {
				"north": {"uv": [0, 0, 0.66406, 1.25782], "texture": "#0"},
				"east": {"uv": [0, 0, 1.89453, 3.83593], "texture": "#0"},
				"south": {"uv": [0, 0, 0.66406, 1.25782], "texture": "#0"},
				"west": {"uv": [0, 0, 1.94141, 4.25782], "texture": "#0"},
				"up": {"uv": [0, 0, 0.66406, 1.94141], "texture": "#0"},
				"down": {"uv": [0, 0, 0.66406, 1.94141], "texture": "#0"}
			}
		},
		{
			"from": [7.63681, 8.02067, 8.60512],
			"to": [8.36727, 8.49333, 9.10355],
			"rotation": {"angle": 0, "axis": "x", "origin": [8.00204, 6.64137, 11.7805]},
			"faces": {
				"north": {"uv": [0, 0, 0.66406, 0.42969], "texture": "#0"},
				"east": {"uv": [0, 0, 0.45312, 0.42969], "texture": "#0"},
				"south": {"uv": [0, 0, 0.66406, 0.42969], "texture": "#0"},
				"west": {"uv": [0, 0, 0.45312, 0.42969], "texture": "#0"},
				"up": {"uv": [0, 0, 0.66406, 0.45312], "texture": "#0"},
				"down": {"uv": [0, 0, 0.66406, 0.45312], "texture": "#0"}
			}
		},
		{
			"from": [7.69911, 4.88824, 9.19809],
			"to": [8.30497, 7.08395, 11.05863],
			"rotation": {"angle": 0, "axis": "x", "origin": [8.01708, 6.64137, 11.0973]},
			"faces": {
				"north": {"uv": [13, 3, 15.6914, 9.9961], "texture": "#0"},
				"east": {"uv": [0, 4, 2.6914, 10.9961], "texture": "#0"},
				"south": {"uv": [13, 3, 15.6914, 9.9961], "texture": "#0"},
				"west": {"uv": [1, 5, 3.6914, 11.9961], "texture": "#0"},
				"up": {"uv": [9, 3, 15.6914, 9.9961], "texture": "#0"},
				"down": {"uv": [14, 3, 15.6914, 9.9961], "texture": "#0"}
			}
		},
		{
			"from": [7.63695, 6.93962, 9.14664],
			"to": [8.36724, 7.08571, 9.47321],
			"rotation": {"angle": 22.5, "axis": "x", "origin": [8.00204, 7.13298, 9.55269]},
			"faces": {
				"north": {"uv": [0, 0, 0.66406, 0.13281], "texture": "#0"},
				"east": {"uv": [0, 0, 0.29688, 0.13281], "texture": "#0"},
				"south": {"uv": [0, 0, 0.66406, 0.13281], "texture": "#0"},
				"west": {"uv": [0, 0, 0.29688, 0.13281], "texture": "#0"},
				"up": {"uv": [0, 0, 0.66406, 0.29688], "texture": "#0"},
				"down": {"uv": [0, 0, 0.66406, 0.29688], "texture": "#0"}
			}
		},
		{
			"from": [7.63695, 7.01271, 9.49458],
			"to": [8.36724, 7.15881, 9.82114],
			"rotation": {"angle": 22.5, "axis": "x", "origin": [8.00204, 7.18459, 9.57407]},
			"faces": {
				"north": {"uv": [0, 0, 0.66406, 0.13281], "texture": "#0"},
				"east": {"uv": [0, 0, 0.29687, 0.13281], "texture": "#0"},
				"south": {"uv": [0, 0, 0.66406, 0.13281], "texture": "#0"},
				"west": {"uv": [0, 0, 0.29687, 0.13281], "texture": "#0"},
				"up": {"uv": [0, 0, 0.66406, 0.29687], "texture": "#0"},
				"down": {"uv": [0, 0, 0.66406, 0.29687], "texture": "#0"}
			}
		},
		{
			"from": [7.63695, 7.08384, 9.85239],
			"to": [8.36724, 7.22993, 10.17895],
			"rotation": {"angle": 22.5, "axis": "x", "origin": [8.00204, 7.26002, 9.60532]},
			"faces": {
				"north": {"uv": [0, 0, 0.66406, 0.13281], "texture": "#0"},
				"east": {"uv": [0, 0, 0.29687, 0.13281], "texture": "#0"},
				"south": {"uv": [0, 0, 0.66406, 0.13281], "texture": "#0"},
				"west": {"uv": [0, 0, 0.29687, 0.13281], "texture": "#0"},
				"up": {"uv": [0, 0, 0.66406, 0.29687], "texture": "#0"},
				"down": {"uv": [0, 0, 0.66406, 0.29687], "texture": "#0"}
			}
		},
		{
			"from": [7.63695, 7.24327, 10.939],
			"to": [8.36724, 7.38937, 11.26556],
			"rotation": {"angle": 22.5, "axis": "x", "origin": [8.00204, 7.49679, 9.81966]},
			"faces": {
				"north": {"uv": [0, 0, 0.66406, 0.13281], "texture": "#0"},
				"east": {"uv": [0, 0, 0.29687, 0.13281], "texture": "#0"},
				"south": {"uv": [0, 0, 0.66406, 0.13281], "texture": "#0"},
				"west": {"uv": [0, 0, 0.29687, 0.13281], "texture": "#0"},
				"up": {"uv": [0, 0, 0.66406, 0.29687], "texture": "#0"},
				"down": {"uv": [0, 0, 0.66406, 0.29687], "texture": "#0"}
			}
		},
		{
			"from": [7.63681, 6.76276, 10.72718],
			"to": [8.36727, 6.90885, 11.05374],
			"rotation": {"angle": 0, "axis": "x", "origin": [8.00204, 6.83581, 10.89046]},
			"faces": {
				"north": {"uv": [0, 0, 0.66406, 0.13281], "texture": "#0"},
				"east": {"uv": [0, 0, 0.29688, 0.13281], "texture": "#0"},
				"south": {"uv": [0, 0, 0.66406, 0.13281], "texture": "#0"},
				"west": {"uv": [0, 0, 0.29688, 0.13281], "texture": "#0"},
				"up": {"uv": [0, 0, 0.66406, 0.29688], "texture": "#0"},
				"down": {"uv": [0, 0, 0.66406, 0.29688], "texture": "#0"}
			}
		},
		{
			"from": [7.63681, 6.71012, 11.05863],
			"to": [8.36727, 7.10972, 11.2391],
			"rotation": {"angle": 0, "axis": "x", "origin": [8.00204, 7.03668, 11.07582]},
			"faces": {
				"north": {"uv": [0, 0, 0.66406, 0.36328], "texture": "#0"},
				"east": {"uv": [0, 0, 0.16407, 0.36328], "texture": "#0"},
				"south": {"uv": [0, 0, 0.66406, 0.36328], "texture": "#0"},
				"west": {"uv": [0, 0, 0.16407, 0.36328], "texture": "#0"},
				"up": {"uv": [0, 0, 0.66406, 0.16407], "texture": "#0"},
				"down": {"uv": [0, 0, 0.66406, 0.16407], "texture": "#0"}
			}
		},
		{
			"from": [7.63681, 6.86051, 10.39262],
			"to": [8.36727, 7.10972, 11.05863],
			"rotation": {"angle": 0, "axis": "x", "origin": [8.00204, 6.90992, 10.96839]},
			"faces": {
				"north": {"uv": [0, 0, 0.66406, 0.22656], "texture": "#0"},
				"east": {"uv": [0, 0, 0.60546, 0.22656], "texture": "#0"},
				"south": {"uv": [0, 0, 0.66406, 0.22656], "texture": "#0"},
				"west": {"uv": [0, 0, 0.60546, 0.22656], "texture": "#0"},
				"up": {"uv": [0, 0, 0.66406, 0.60546], "texture": "#0"},
				"down": {"uv": [0, 0, 0.66406, 0.60546], "texture": "#0"}
			}
		},
		{
			"from": [7.63681, 7.01949, 9.7266],
			"to": [8.36727, 7.10972, 10.39262],
			"rotation": {"angle": 0, "axis": "x", "origin": [8.00204, 6.90992, 10.30238]},
			"faces": {
				"north": {"uv": [0, 0, 0.66406, 0.08203], "texture": "#0"},
				"east": {"uv": [0, 0, 0.60547, 0.08203], "texture": "#0"},
				"south": {"uv": [0, 0, 0.66406, 0.08203], "texture": "#0"},
				"west": {"uv": [0, 0, 0.60547, 0.08203], "texture": "#0"},
				"up": {"uv": [0, 0, 0.66406, 0.60547], "texture": "#0"},
				"down": {"uv": [0, 0, 0.66406, 0.60547], "texture": "#0"}
			}
		},
		{
			"from": [7.63681, 6.81628, 10.39588],
			"to": [8.36727, 6.96237, 10.72245],
			"rotation": {"angle": 0, "axis": "x", "origin": [8.00204, 6.88933, 10.94158]},
			"faces": {
				"north": {"uv": [0, 0, 0.66406, 0.13281], "texture": "#0"},
				"east": {"uv": [0, 0, 0.29688, 0.13281], "texture": "#0"},
				"south": {"uv": [0, 0, 0.66406, 0.13281], "texture": "#0"},
				"west": {"uv": [0, 0, 0.29688, 0.13281], "texture": "#0"},
				"up": {"uv": [0, 0, 0.66406, 0.29688], "texture": "#0"},
				"down": {"uv": [0, 0, 0.66406, 0.29688], "texture": "#0"}
			}
		},
		{
			"from": [7.63681, 6.87773, 10.06787],
			"to": [8.36727, 7.02382, 10.39443],
			"rotation": {"angle": 0, "axis": "x", "origin": [8.00204, 6.95077, 10.61357]},
			"faces": {
				"north": {"uv": [0, 0, 0.66406, 0.13281], "texture": "#0"},
				"east": {"uv": [0, 0, 0.29687, 0.13281], "texture": "#0"},
				"south": {"uv": [0, 0, 0.66406, 0.13281], "texture": "#0"},
				"west": {"uv": [0, 0, 0.29687, 0.13281], "texture": "#0"},
				"up": {"uv": [0, 0, 0.66406, 0.29687], "texture": "#0"},
				"down": {"uv": [0, 0, 0.66406, 0.29687], "texture": "#0"}
			}
		},
		{
			"from": [7.63681, 6.98475, 9.40526],
			"to": [8.36727, 7.11367, 9.73182],
			"rotation": {"angle": 0, "axis": "x", "origin": [8.00204, 7.0578, 9.95096]},
			"faces": {
				"north": {"uv": [0, 0, 0.66406, 0.13282], "texture": "#0"},
				"east": {"uv": [0, 0, 0.29687, 0.13282], "texture": "#0"},
				"south": {"uv": [0, 0, 0.66406, 0.13282], "texture": "#0"},
				"west": {"uv": [0, 0, 0.29687, 0.13282], "texture": "#0"},
				"up": {"uv": [0, 0, 0.66406, 0.29687], "texture": "#0"},
				"down": {"uv": [0, 0, 0.66406, 0.29687], "texture": "#0"}
			}
		},
		{
			"from": [7.63681, 6.93125, 9.73656],
			"to": [8.36727, 7.07734, 10.06313],
			"rotation": {"angle": 0, "axis": "x", "origin": [8.00204, 7.00429, 10.28227]},
			"faces": {
				"north": {"uv": [0, 0, 0.66406, 0.13281], "texture": "#0"},
				"east": {"uv": [0, 0, 0.29688, 0.13281], "texture": "#0"},
				"south": {"uv": [0, 0, 0.66406, 0.13281], "texture": "#0"},
				"west": {"uv": [0, 0, 0.29688, 0.13281], "texture": "#0"},
				"up": {"uv": [0, 0, 0.66406, 0.29688], "texture": "#0"},
				"down": {"uv": [0, 0, 0.66406, 0.29688], "texture": "#0"}
			}
		},
		{
			"from": [7.63695, 7.17215, 10.58119],
			"to": [8.36724, 7.31824, 10.90776],
			"rotation": {"angle": 22.5, "axis": "x", "origin": [8.00204, 7.42136, 9.78842]},
			"faces": {
				"north": {"uv": [0, 0, 0.66406, 0.13281], "texture": "#0"},
				"east": {"uv": [0, 0, 0.29688, 0.13281], "texture": "#0"},
				"south": {"uv": [0, 0, 0.66406, 0.13281], "texture": "#0"},
				"west": {"uv": [0, 0, 0.29688, 0.13281], "texture": "#0"},
				"up": {"uv": [0, 0, 0.66406, 0.29688], "texture": "#0"},
				"down": {"uv": [0, 0, 0.66406, 0.29688], "texture": "#0"}
			}
		}
	],
	"gui_light": "front",
	"display": {
		"thirdperson_righthand": {
			"translation": [0, 0, -4.75]
		},
		"thirdperson_lefthand": {
			"translation": [0, 0, -4.75]
		},
		"firstperson_righthand": {
			"rotation": [3.07, 2.4, -1.75],
			"translation": [-6.75, 14.75, 2.75],
			"scale": [1, 1, 0.7]
		},
		"firstperson_lefthand": {
			"translation": [-6.75, 5, 3],
			"scale": [1, 1, 0.7]
		},
		"gui": {
			"rotation": [-90, 135, 90],
			"translation": [-0.5, 0.25, 0],
			"scale": [0.78, 0.78, 0.78]
		},
		"fixed": {
			"rotation": [-90, -135, -90],
			"translation": [2, 2, -1.75],
			"scale": [1.5, 1.5, 1.5]
		}
	},
	"groups": [
		{
			"name": "Black",
			"origin": [8, 5.57353, 14.25034],
			"color": 0,
			"nbt": "{}",
			"armAnimationEnabled": false,
			"children": [0, 1, 2, 3, 4, 5, 6, 7, 8, 9, 10, 11, 12, 13, 14, 15, 16, 17, 18, 19, 20, 21, 22, 23, 24, 25, 26, 27, 28, 29, 30, 31, 32, 33, 34, 35, 36, 37, 38, 39, 40, 41, 42, 43, 44, 45, 46, 47, 48, 49, 50, 51, 52, 53, 54, 55, 56, 57, 58, 59, 60]
		},
		{
			"name": "Sandstone",
			"origin": [8, 7.55732, 9.66156],
			"color": 0,
			"nbt": "{}",
			"armAnimationEnabled": false,
			"children": [61, 62, 63, 64, 65, 66, 67, 68, 69, 70, 71, 72, 73, 74, 75, 76, 77, 78, 79, 80, 81, 82, 83, 84, 85, 86, 87, 88, 89, 90, 91, 92, 93, 94, 95, 96, 97, 98, 99, 100, 101, 102, 103, 104]
		}
	]
}