{ 
	"custom.ak47": { "category": "player", "sounds": [ "custom/ak47" ] },
	"custom.mk20ssr": { "category": "player", "sounds": [ "custom/mk20ssr" ] },
	"custom.500sw": { "category": "player", "sounds": ["custom/500sw"] },
	"custom.usp": { "category": "player", "sounds": ["custom/usp"] },
	"custom.m870": { "category": "player", "sounds": ["custom/m870"] },
	"custom.uzi": { "category": "player", "sounds": ["custom/uzi"] },
	"custom.hecate": { "category": "player", "sounds": ["custom/hecate"] },
	"custom.m249": { "category": "player", "sounds": ["custom/m249"] },
	"custom.bolt": { "category": "player", "sounds": [ "custom/bolt" ] },
	"custom.shotgunpump": { "category": "player", "sounds": [ "custom/shotgunpump" ] },
	"custom.gear": { "category": "player", "sounds": [ "custom/gear" ] },

	"custom.reloadpistol": { "category": "player", "sounds": [ "custom/reloadpistol" ] },
	"custom.reloadrevolver": { "category": "player", "sounds": [ "custom/reloadrevolver" ] },
	"custom.reloadpumpshotgun": { "category": "player", "sounds": [ "custom/reloadpumpshotgun" ] },
	"custom.reloadsubmachinegun": { "category": "player", "sounds": [ "custom/reloadsubmachinegun" ] },
	"custom.reloadassaultrifle": { "category": "player", "sounds": [ "custom/reloadassaultrifle" ] },
	"custom.reloadheavyrifle": { "category": "player", "sounds": [ "custom/reloadheavyrifle" ] },
	"custom.reloadsniperrifle": { "category": "player", "sounds": [ "custom/reloadsniperrifle" ] },
	"custom.reloadmachinegun": { "category": "player", "sounds": [ "custom/reloadmachinegun" ] }
}