{
	"credit": "Made with Blockbench",
	"textures": {
		"0": "hd_guns:block/diamond_block",
		"1": "hd_guns:block/anvil",
		"2": "hd_guns:block/stripped_spruce_log",
		"3": "hd_guns:block/black_shulker_box",
		"4": "hd_guns:block/iron_block",
		"particle": "hd_guns:block/diamond_block"
	},
	"elements": [
		{
			"from": [7.5, 6, 31],
			"to": [8.5, 10.30078, 31.53906],
			"rotation": {"angle": 0, "axis": "x", "origin": [8, 7.8665, 24.72612]},
			"faces": {
				"east": {"uv": [0, 0, 2.53906, 8.30078], "texture": "#3", "cullface": "south"},
				"south": {"uv": [3, 2, 9.53906, 10.30078], "texture": "#3", "cullface": "south"},
				"west": {"uv": [0, 0, 2.53906, 8.30078], "texture": "#3", "cullface": "south"},
				"up": {"uv": [4, 7.69922, 10.53906, 16], "texture": "#3", "cullface": "south"},
				"down": {"uv": [0, 0, 6.53906, 8.30078], "texture": "#3", "cullface": "south"}
			}
		},
		{
			"from": [7.5, 6, 30.01953],
			"to": [8.5, 10.30078, 31],
			"rotation": {"angle": 0, "axis": "x", "origin": [8, 7.8665, 24.72612]},
			"faces": {
				"north": {"uv": [0, 0, 2.98047, 9.30078], "texture": "#2", "cullface": "south"},
				"east": {"uv": [0, 0, 2.98047, 9.30078], "texture": "#2", "cullface": "south"},
				"west": {"uv": [4, 0, 6.98047, 9.30078], "texture": "#2", "cullface": "south"},
				"up": {"uv": [0, 0, 2.98047, 9.30078], "texture": "#2", "cullface": "south"},
				"down": {"uv": [0, 0, 2.98047, 9.30078], "texture": "#2", "cullface": "south"}
			}
		},
		{
			"from": [7.5, 8.12109, 24.80078],
			"to": [8.5, 9.21875, 30.01953],
			"rotation": {"angle": 0, "axis": "x", "origin": [8, 6.5, 29.98047]},
			"faces": {
				"north": {"uv": [0, 0, 12.50781, 6.09766], "texture": "#2", "cullface": "south"},
				"east": {"uv": [0, 0, 12.50781, 6.09766], "texture": "#2", "cullface": "south"},
				"west": {"uv": [0, 0, 12.50781, 6.09766], "texture": "#2", "cullface": "south"},
				"up": {"uv": [0, 0, 12.50781, 6.09766], "texture": "#2", "cullface": "south"},
				"down": {"uv": [0, 0, 12.50781, 6.09766], "texture": "#2", "cullface": "south"}
			}
		},
		{
			"from": [7.52539, 8.6211, 20.73438],
			"to": [8.47461, 9.23829, 24.96485],
			"rotation": {"angle": 0, "axis": "x", "origin": [7.98242, 6.47266, 28.89844]},
			"faces": {
				"east": {"uv": [10.53125, 4, 16, 8.89844], "texture": "#1", "cullface": "south"},
				"west": {"uv": [0, 5, 6.46875, 9.89844], "texture": "#1", "cullface": "south"},
				"up": {"uv": [5, 0, 11, 9.46875], "texture": "#1", "cullface": "south"},
				"down": {"uv": [0, 0, 1, 3.46875], "texture": "#1", "cullface": "south"}
			}
		},
		{
			"from": [7.59776, 5.34305, 21.64048],
			"to": [8.40225, 7.4954, 22.51939],
			"rotation": {"angle": -22.5, "axis": "x", "origin": [8.09766, 7.1653, 21.50999]},
			"faces": {
				"north": {"uv": [0, 0, 5.87891, 6.15234], "texture": "#2", "cullface": "south"},
				"east": {"uv": [0, 0, 5.87891, 6.15234], "texture": "#2", "cullface": "south"},
				"south": {"uv": [0, 0, 5.87891, 6.15234], "texture": "#2", "cullface": "south"},
				"west": {"uv": [0, 0, 5.87891, 6.15234], "texture": "#2", "cullface": "south"}
			}
		},
		{
			"from": [7.59766, 5.16337, 21.45688],
			"to": [8.40235, 5.34306, 23.03501],
			"rotation": {"angle": -22.5, "axis": "x", "origin": [8.09766, 7.1653, 21.50999]},
			"faces": {
				"north": {"uv": [0, 0, 6.57813, 4.17969], "texture": "#2", "cullface": "south"},
				"east": {"uv": [0, 0, 6.57813, 4.17969], "texture": "#2", "cullface": "south"},
				"south": {"uv": [0, 0, 6.57813, 4.17969], "texture": "#2", "cullface": "south"},
				"west": {"uv": [0, 0, 6.57813, 4.17969], "texture": "#2", "cullface": "south"},
				"up": {"uv": [0, 0, 6.57813, 4.17969], "texture": "#2", "cullface": "south"},
				"down": {"uv": [0, 0, 6.57813, 4.17969], "texture": "#2", "cullface": "south"}
			}
		},
		{
			"from": [7.59766, 5.34305, 22.51939],
			"to": [8.40235, 6.48759, 22.85142],
			"rotation": {"angle": -22.5, "axis": "x", "origin": [8.09766, 7.1653, 21.50999]},
			"faces": {
				"north": {"uv": [0, 0, 5.33203, 5.14453], "texture": "#2", "cullface": "south"},
				"east": {"uv": [0, 0, 5.33203, 5.14453], "texture": "#2", "cullface": "south"},
				"south": {"uv": [0, 0, 5.33203, 5.14453], "texture": "#2", "cullface": "south"},
				"west": {"uv": [0, 0, 5.33203, 5.14453], "texture": "#2", "cullface": "south"},
				"up": {"uv": [0, 0, 5.33203, 5.14453], "texture": "#2", "cullface": "south"}
			}
		},
		{
			"from": [7.59786, 6.02584, 22.17355],
			"to": [8.40215, 6.91256, 22.48996],
			"rotation": {"angle": -45, "axis": "x", "origin": [8.09766, 7.1653, 21.50999]},
			"faces": {
				"east": {"uv": [0, 0, 5.31641, 4.88672], "texture": "#2", "cullface": "south"},
				"south": {"uv": [0, 0, 5.31641, 4.88672], "texture": "#2", "cullface": "south"},
				"west": {"uv": [0, 0, 5.31641, 4.88672], "texture": "#2", "cullface": "south"}
			}
		},
		{
			"from": [7.59786, 6.57406, 21.41402],
			"to": [8.40215, 7.56235, 21.69918],
			"rotation": {"angle": -45, "axis": "x", "origin": [8.09766, 7.1653, 21.50999]},
			"faces": {
				"north": {"uv": [0, 0, 5.28516, 4.98828], "texture": "#2", "cullface": "south"},
				"east": {"uv": [0, 0, 5.28516, 4.98828], "texture": "#2", "cullface": "south"},
				"west": {"uv": [0, 0, 5.28516, 4.98828], "texture": "#2", "cullface": "south"},
				"up": {"uv": [0, 0, 5.28516, 4.98828], "texture": "#2", "cullface": "south"}
			}
		},
		{
			"from": [7.59776, 5.49512, 22.28104],
			"to": [8.40225, 5.99122, 22.46463],
			"rotation": {"angle": -45, "axis": "x", "origin": [8.09766, 7.1653, 21.50999]},
			"faces": {
				"east": {"uv": [0, 0, 5.18359, 4.49609], "texture": "#2", "cullface": "south"},
				"south": {"uv": [0, 0, 5.18359, 4.49609], "texture": "#2", "cullface": "south"},
				"west": {"uv": [0, 0, 5.18359, 4.49609], "texture": "#2", "cullface": "south"}
			}
		},
		{
			"from": [7.59766, 5.34306, 22.85142],
			"to": [8.40235, 5.98759, 23.03111],
			"rotation": {"angle": -22.5, "axis": "x", "origin": [8.09766, 7.1653, 21.50999]},
			"faces": {
				"east": {"uv": [0, 0, 5.17969, 4.64453], "texture": "#2", "cullface": "south"},
				"south": {"uv": [0, 0, 5.17969, 4.64453], "texture": "#2", "cullface": "south"},
				"west": {"uv": [0, 0, 5.17969, 4.64453], "texture": "#2", "cullface": "south"},
				"up": {"uv": [0, 0, 5.17969, 4.64453], "texture": "#2", "cullface": "south"}
			}
		},
		{
			"from": [7.59766, 7.3782, 21.16138],
			"to": [8.40235, 8.26883, 22.31763],
			"rotation": {"angle": 0, "axis": "x", "origin": [8.09766, 7.1653, 21.50999]},
			"faces": {
				"north": {"uv": [0, 0, 6.15625, 4.89063], "texture": "#2", "cullface": "south"},
				"east": {"uv": [0, 0, 6.15625, 4.89063], "texture": "#2", "cullface": "south"},
				"south": {"uv": [0, 0, 6.15625, 4.89063], "texture": "#2", "cullface": "south"},
				"west": {"uv": [0, 0, 6.15625, 4.89063], "texture": "#2", "cullface": "south"},
				"down": {"uv": [0, 0, 6.15625, 4.89063], "texture": "#2", "cullface": "south"}
			}
		},
		{
			"from": [7.70899, 7.3782, 20.55982],
			"to": [8.29102, 8.26883, 21.16138],
			"rotation": {"angle": 0, "axis": "x", "origin": [8.09766, 7.1653, 21.50999]},
			"faces": {
				"north": {"uv": [0, 0, 1, 0.89063], "texture": "#1", "cullface": "south"},
				"east": {"uv": [0, 7, 2.76172, 11.35938], "texture": "#1", "cullface": "south"},
				"west": {"uv": [0, 7, 1.60156, 11.89063], "texture": "#1", "cullface": "south"},
				"down": {"uv": [0, 0, 1, 0.60156], "texture": "#1", "cullface": "south"}
			}
		},
		{
			"from": [7.59766, 8.26883, 20.55591],
			"to": [8.40235, 8.6282, 22.31763],
			"rotation": {"angle": 0, "axis": "x", "origin": [8.09766, 7.1653, 21.50999]},
			"faces": {
				"east": {"uv": [0, 7, 2.76172, 11.35938], "texture": "#1", "cullface": "south"},
				"south": {"uv": [0, 0, 1, 0.35938], "texture": "#1", "cullface": "south"},
				"west": {"uv": [0, 7, 2.76172, 11.35938], "texture": "#1", "cullface": "south"},
				"up": {"uv": [0, 0, 1, 1.76172], "texture": "#1", "cullface": "south"},
				"down": {"uv": [0, 0, 1, 1.76172], "texture": "#1", "cullface": "south"}
			}
		},
		{
			"from": [7.5, 8.26883, 18.38013],
			"to": [8.5, 8.6282, 20.55591],
			"rotation": {"angle": 0, "axis": "x", "origin": [8, 9.345, 22.21216]},
			"faces": {
				"east": {"uv": [0, 7, 2.76172, 11.35938], "texture": "#1", "cullface": "south"},
				"south": {"uv": [0, 0, 1, 0.35938], "texture": "#1"},
				"west": {"uv": [0, 7, 2.76172, 11.35938], "texture": "#1", "cullface": "south"},
				"down": {"uv": [0, 0, 1, 1.76172], "texture": "#1", "cullface": "south"}
			}
		},
		{
			"from": [7.5, 7.19461, 17.90356],
			"to": [8.5, 8.6282, 18.38013],
			"rotation": {"angle": 0, "axis": "x", "origin": [8, 9.345, 22.52856]},
			"faces": {
				"north": {"uv": [0, 0, 1, 0.35938], "texture": "#1", "cullface": "south"},
				"east": {"uv": [0, 7, 2.76172, 11.35938], "texture": "#1", "cullface": "south"},
				"south": {"uv": [0, 0, 1, 0.35938], "texture": "#1", "cullface": "south"},
				"west": {"uv": [0, 7, 2.76172, 11.35938], "texture": "#1", "cullface": "south"},
				"down": {"uv": [0, 0, 1, 1.76172], "texture": "#1", "cullface": "south"}
			}
		},
		{
			"from": [7.5, 7.67899, 13.21606],
			"to": [8.5, 8.6282, 14.16526],
			"rotation": {"angle": 0, "axis": "x", "origin": [8, 9.345, 22.52856]},
			"faces": {
				"north": {"uv": [0, 0, 1, 0.35938], "texture": "#1"},
				"east": {"uv": [0, 7, 2.76172, 11.35938], "texture": "#1"},
				"south": {"uv": [0, 0, 1, 0.35938], "texture": "#1"},
				"west": {"uv": [0, 7, 2.76172, 11.35938], "texture": "#1"},
				"down": {"uv": [0, 0, 1, 1.76172], "texture": "#1"}
			}
		},
		{
			"from": [7.5, 8.1243, 12.26686],
			"to": [8.5, 8.6282, 13.21606],
			"rotation": {"angle": 0, "axis": "x", "origin": [8, 9.345, 22.74733]},
			"faces": {
				"north": {"uv": [0, 0, 1, 0.35938], "texture": "#1"},
				"east": {"uv": [0, 7, 2.76172, 11.35938], "texture": "#1"},
				"west": {"uv": [0, 7, 2.76172, 11.35938], "texture": "#1"},
				"down": {"uv": [0, 0, 1, 1.76172], "texture": "#1"}
			}
		},
		{
			"from": [7.58398, 6.58915, 17.427],
			"to": [8.41602, 8.6282, 18.17309],
			"rotation": {"angle": 0, "axis": "x", "origin": [8.08398, 9.63016, 22.27075]},
			"faces": {
				"north": {"uv": [6, 14, 16, 15], "rotation": 90, "texture": "#1", "cullface": "south"},
				"east": {"uv": [4, 3, 14, 4], "rotation": 90, "texture": "#1", "cullface": "south"},
				"south": {"uv": [6, 14, 16, 15], "rotation": 90, "texture": "#1", "cullface": "south"},
				"west": {"uv": [4, 3, 14, 4], "rotation": 90, "texture": "#1", "cullface": "south"},
				"down": {"uv": [6, 14, 16, 15], "rotation": 90, "texture": "#1", "cullface": "south"}
			}
		},
		{
			"from": [7.58398, 6.72196, 16.6809],
			"to": [8.41602, 8.6282, 17.427],
			"rotation": {"angle": 0, "axis": "x", "origin": [8.08398, 9.63016, 21.52465]},
			"faces": {
				"north": {"uv": [6, 14, 16, 15], "rotation": 90, "texture": "#1", "cullface": "south"},
				"east": {"uv": [4, 3, 14, 4], "rotation": 90, "texture": "#1", "cullface": "south"},
				"west": {"uv": [4, 3, 14, 4], "rotation": 90, "texture": "#1", "cullface": "south"},
				"down": {"uv": [6, 14, 16, 15], "rotation": 90, "texture": "#1", "cullface": "south"}
			}
		},
		{
			"from": [7.58398, 6.83915, 15.93481],
			"to": [8.41602, 8.6282, 16.6809],
			"rotation": {"angle": 0, "axis": "x", "origin": [8.08398, 9.63016, 22.12231]},
			"faces": {
				"north": {"uv": [6, 14, 16, 15], "rotation": 90, "texture": "#1"},
				"east": {"uv": [4, 3, 14, 4], "rotation": 90, "texture": "#1"},
				"west": {"uv": [4, 3, 14, 4], "rotation": 90, "texture": "#1"},
				"down": {"uv": [6, 14, 16, 15], "rotation": 90, "texture": "#1"}
			}
		},
		{
			"from": [7.58398, 6.95633, 15.18871],
			"to": [8.41602, 8.6282, 15.93481],
			"rotation": {"angle": 0, "axis": "x", "origin": [8.08398, 9.63016, 22.53637]},
			"faces": {
				"north": {"uv": [6, 14, 16, 15], "rotation": 90, "texture": "#1"},
				"east": {"uv": [4, 3, 14, 4], "rotation": 90, "texture": "#1"},
				"west": {"uv": [4, 3, 14, 4], "rotation": 90, "texture": "#1"},
				"down": {"uv": [6, 14, 16, 15], "rotation": 90, "texture": "#1"}
			}
		},
		{
			"from": [7.58398, 7.09305, 14.44262],
			"to": [8.41602, 8.6282, 15.18871],
			"rotation": {"angle": 0, "axis": "x", "origin": [8.08398, 9.63016, 22.73949]},
			"faces": {
				"north": {"uv": [6, 14, 16, 15], "rotation": 90, "texture": "#1"},
				"east": {"uv": [4, 3, 14, 4], "rotation": 90, "texture": "#1"},
				"west": {"uv": [4, 3, 14, 4], "rotation": 90, "texture": "#1"},
				"down": {"uv": [6, 14, 16, 15], "rotation": 90, "texture": "#1"}
			}
		},
		{
			"from": [7.58398, 6.4329, 18.03637],
			"to": [8.41602, 6.58915, 18.17309],
			"rotation": {"angle": 0, "axis": "x", "origin": [8.08398, 10.34501, 22.27075]},
			"faces": {
				"north": {"uv": [6, 14, 16, 15], "rotation": 90, "texture": "#1", "cullface": "south"},
				"east": {"uv": [4, 3, 14, 4], "rotation": 90, "texture": "#1", "cullface": "south"},
				"south": {"uv": [6, 14, 16, 15], "rotation": 90, "texture": "#1", "cullface": "south"},
				"west": {"uv": [4, 3, 14, 4], "rotation": 90, "texture": "#1", "cullface": "south"},
				"down": {"uv": [6, 14, 16, 15], "rotation": 90, "texture": "#1", "cullface": "south"}
			}
		},
		{
			"from": [7.5841, 6.41674, 17.88717],
			"to": [8.4159, 6.56127, 18.30123],
			"rotation": {"angle": 22.5, "axis": "x", "origin": [8.08398, 7.09056, 18.20943]},
			"faces": {
				"east": {"uv": [4, 3, 14, 4], "rotation": 90, "texture": "#1", "cullface": "south"},
				"west": {"uv": [4, 3, 14, 4], "rotation": 90, "texture": "#1", "cullface": "south"},
				"down": {"uv": [6, 14, 16, 15], "rotation": 90, "texture": "#1", "cullface": "south"}
			}
		},
		{
			"from": [7.5841, 6.3652, 17.23646],
			"to": [8.4159, 6.50973, 17.65052],
			"rotation": {"angle": 22.5, "axis": "x", "origin": [8.08398, 7.03902, 18.10169]},
			"faces": {
				"east": {"uv": [4, 3, 14, 4], "rotation": 90, "texture": "#1", "cullface": "south"},
				"west": {"uv": [4, 3, 14, 4], "rotation": 90, "texture": "#1", "cullface": "south"},
				"down": {"uv": [6, 14, 16, 15], "rotation": 90, "texture": "#1", "cullface": "south"}
			}
		},
		{
			"from": [7.5841, 6.14282, 15.65031],
			"to": [8.4159, 6.28735, 16.06437],
			"rotation": {"angle": 22.5, "axis": "x", "origin": [8.08398, 6.81665, 17.74992]},
			"faces": {
				"east": {"uv": [4, 3, 14, 4], "rotation": 90, "texture": "#1"},
				"west": {"uv": [4, 3, 14, 4], "rotation": 90, "texture": "#1"},
				"down": {"uv": [6, 14, 16, 15], "rotation": 90, "texture": "#1"}
			}
		},
		{
			"from": [7.5841, 6.06568, 14.86556],
			"to": [8.4159, 6.21021, 15.27962],
			"rotation": {"angle": 22.5, "axis": "x", "origin": [8.08398, 6.73951, 17.47298]},
			"faces": {
				"east": {"uv": [4, 3, 14, 4], "rotation": 90, "texture": "#1"},
				"west": {"uv": [4, 3, 14, 4], "rotation": 90, "texture": "#1"},
				"down": {"uv": [6, 14, 16, 15], "rotation": 90, "texture": "#1"}
			}
		},
		{
			"from": [7.5841, 6.00806, 14.08081],
			"to": [8.4159, 6.1526, 14.49487],
			"rotation": {"angle": 22.5, "axis": "x", "origin": [8.08398, 6.68189, 17.19604]},
			"faces": {
				"east": {"uv": [4, 3, 14, 4], "rotation": 90, "texture": "#1"},
				"west": {"uv": [4, 3, 14, 4], "rotation": 90, "texture": "#1"},
				"down": {"uv": [6, 14, 16, 15], "rotation": 90, "texture": "#1"}
			}
		},
		{
			"from": [7.5841, 6.24538, 16.44012],
			"to": [8.4159, 6.38991, 16.85417],
			"rotation": {"angle": 22.5, "axis": "x", "origin": [8.08398, 6.91921, 17.9655]},
			"faces": {
				"east": {"uv": [4, 3, 14, 4], "rotation": 90, "texture": "#1", "cullface": "south"},
				"west": {"uv": [4, 3, 14, 4], "rotation": 90, "texture": "#1", "cullface": "south"},
				"down": {"uv": [6, 14, 16, 15], "rotation": 90, "texture": "#1", "cullface": "south"}
			}
		},
		{
			"from": [7.58398, 7.2454, 13.71606],
			"to": [8.41602, 8.6282, 14.45044],
			"rotation": {"angle": 0, "axis": "x", "origin": [8.08398, 9.63016, 22.27075]},
			"faces": {
				"north": {"uv": [6, 14, 16, 15], "rotation": 90, "texture": "#1"},
				"east": {"uv": [4, 3, 14, 4], "rotation": 90, "texture": "#1"},
				"west": {"uv": [4, 3, 14, 4], "rotation": 90, "texture": "#1"},
				"down": {"uv": [6, 14, 16, 15], "rotation": 90, "texture": "#1"}
			}
		},
		{
			"from": [7.70899, 7.39151, 18.36293],
			"to": [8.29102, 8.28604, 18.98793],
			"rotation": {"angle": 0, "axis": "x", "origin": [8.09766, 7.1653, 21.50999]},
			"faces": {
				"east": {"uv": [0, 7, 2.76172, 11.35938], "texture": "#1", "cullface": "south"},
				"south": {"uv": [0, 0, 1, 0.35938], "texture": "#1", "cullface": "south"},
				"west": {"uv": [0, 7, 2.76172, 11.35938], "texture": "#1", "cullface": "south"},
				"down": {"uv": [0, 0, 1, 1.76172], "texture": "#1", "cullface": "south"}
			}
		},
		{
			"from": [7.26172, 8.6211, 8.01172],
			"to": [8.73828, 9.41015, 20.73438],
			"rotation": {"angle": 0, "axis": "x", "origin": [7.82813, 9.31836, 20.9375]},
			"faces": {
				"north": {"uv": [0, 13.02734, 16, 16], "texture": "#1"},
				"east": {"uv": [0, 10.02734, 16, 13], "texture": "#1"},
				"south": {"uv": [0, 13.02734, 16, 16], "texture": "#1", "cullface": "south"},
				"west": {"uv": [0, 12.02734, 16, 15], "texture": "#1"},
				"up": {"uv": [0, 13.02734, 16, 16], "texture": "#1"},
				"down": {"uv": [0, 13.02734, 16, 16], "texture": "#1"}
			}
		},
		{
			"from": [7.41094, 9.21484, 19.44922],
			"to": [8.6375, 9.66406, 20.60547],
			"rotation": {"angle": 0, "axis": "x", "origin": [8.02812, 10.29102, 20.53125]},
			"faces": {
				"north": {"uv": [0, 0, 1, 0.44922], "texture": "#1", "cullface": "south"},
				"east": {"uv": [0, 0, 5.15625, 5.44922], "texture": "#1", "cullface": "south"},
				"south": {"uv": [0, 0, 1, 0.44922], "texture": "#1", "cullface": "south"},
				"west": {"uv": [6.23828, 13.55078, 10.39453, 16], "texture": "#1", "cullface": "south"},
				"up": {"uv": [0, 0, 1, 1.15625], "texture": "#1", "cullface": "south"}
			}
		},
		{
			"from": [8.21562, 8.01172, 19.07422],
			"to": [8.55153, 9.51562, 19.41016],
			"rotation": {"angle": 45, "axis": "z", "origin": [8.02422, 9.43945, 19.24219]},
			"faces": {
				"north": {"uv": [1, 1, 4, 3.44922], "texture": "#4", "cullface": "south"},
				"east": {"uv": [1, 1, 4, 3.44922], "texture": "#4", "cullface": "south"},
				"south": {"uv": [1, 1, 4, 3.44922], "texture": "#4", "cullface": "south"},
				"west": {"uv": [1, 1, 4, 3.44922], "texture": "#4", "cullface": "south"}
			}
		},
		{
			"from": [8.03854, 7.58333, 18.99219],
			"to": [8.5385, 8.08333, 19.49219],
			"rotation": {"angle": 45, "axis": "z", "origin": [7.93307, 9.5306, 19.24219]},
			"faces": {
				"north": {"uv": [1, 1, 5, 5], "texture": "#4", "cullface": "south"},
				"east": {"uv": [2, 5, 6, 9], "texture": "#4", "cullface": "south"},
				"south": {"uv": [1, 4, 5, 8], "texture": "#4", "cullface": "south"},
				"west": {"uv": [1, 1, 5, 5], "texture": "#4", "cullface": "south"},
				"up": {"uv": [1, 1, 5, 5], "texture": "#4", "cullface": "south"},
				"down": {"uv": [1, 1, 5, 5], "rotation": 90, "texture": "#4", "cullface": "south"}
			}
		},
		{
			"from": [7.64258, 9.42969, 13.46484],
			"to": [8.35742, 10.14449, 20.62891],
			"rotation": {"angle": 0, "axis": "x", "origin": [8, 9.78709, 17.04688]},
			"faces": {
				"east": {"uv": [1, 14, 15, 16], "texture": "#4"},
				"south": {"uv": [1, 1, 3, 3], "texture": "#4", "cullface": "south"},
				"west": {"uv": [0, 0, 7.16406, 0.7148], "texture": "#4", "cullface": "south"},
				"up": {"uv": [0, 0, 0.71484, 7.16406], "texture": "#4", "cullface": "south"},
				"down": {"uv": [0, 0, 0.71484, 7.16406], "texture": "#4", "cullface": "south"}
			}
		},
		{
			"from": [7.47344, 10.09375, 13.57812],
			"to": [8.53594, 10.23438, 20.57422],
			"rotation": {"angle": 0, "axis": "x", "origin": [8.0125, 11.16992, 20.53125]},
			"faces": {
				"east": {"uv": [0, 8, 10.76172, 13.44922], "texture": "#1"},
				"south": {"uv": [0, 0, 1, 0.44922], "texture": "#1", "cullface": "south"},
				"west": {"uv": [6.23828, 12, 16, 13.44922], "texture": "#1"},
				"up": {"uv": [0, 0, 1, 6.76172], "texture": "#1"},
				"down": {"uv": [0, 0, 1, 6.76172], "texture": "#1"}
			}
		},
		{
			"from": [7.78906, 10.23438, 13.57812],
			"to": [8.21094, 10.69141, 20.57422],
			"rotation": {"angle": 0, "axis": "x", "origin": [8.16406, 10.70117, 20.53125]},
			"faces": {
				"north": {"uv": [0, 0, 1, 0.44922], "texture": "#1"},
				"east": {"uv": [0, 8, 10.76172, 13.44922], "texture": "#1"},
				"south": {"uv": [0, 0, 1, 0.44922], "texture": "#1", "cullface": "south"},
				"west": {"uv": [6.23828, 12, 16, 13.44922], "texture": "#1"},
				"up": {"uv": [0, 0, 1, 6.76172], "texture": "#1"}
			}
		},
		{
			"from": [7.84961, 10.46094, 15.14843],
			"to": [8.15039, 10.91797, 20.40234],
			"rotation": {"angle": 0, "axis": "x", "origin": [8.23633, 10.70117, 20.53125]},
			"faces": {
				"north": {"uv": [0, 0, 1, 0.44922], "texture": "#1"},
				"east": {"uv": [0, 0, 6.76172, 0.44922], "texture": "#1"},
				"south": {"uv": [0, 0, 1, 0.44922], "texture": "#1", "cullface": "south"},
				"west": {"uv": [0, 0, 6.76172, 0.44922], "texture": "#1"},
				"up": {"uv": [0, 0, 1, 6.76172], "texture": "#1"}
			}
		},
		{
			"from": [7.83398, 10.46094, 15.1914],
			"to": [8.16602, 11.17969, 16.05859],
			"rotation": {"angle": 0, "axis": "x", "origin": [8.25195, 10.70117, 20.53125]},
			"faces": {
				"north": {"uv": [0, 0, 1, 0.44922], "texture": "#1"},
				"east": {"uv": [0, 0, 6.76172, 0.44922], "texture": "#1"},
				"south": {"uv": [0, 0, 1, 0.44922], "texture": "#1", "cullface": "south"},
				"west": {"uv": [0, 0, 6.76172, 0.44922], "texture": "#1"}
			}
		},
		{
			"from": [7.83398, 10.46094, 19.66797],
			"to": [8.16602, 11.10156, 20.34375],
			"rotation": {"angle": 0, "axis": "x", "origin": [8.25195, 10.70117, 20.53125]},
			"faces": {
				"north": {"uv": [0, 0, 1, 0.44922], "texture": "#1", "cullface": "south"},
				"east": {"uv": [0, 0, 6.76172, 0.44922], "texture": "#1", "cullface": "south"},
				"south": {"uv": [0, 0, 1, 0.44922], "texture": "#1", "cullface": "south"},
				"west": {"uv": [0, 0, 6.76172, 0.44922], "texture": "#1", "cullface": "south"}
			}
		},
		{
			"from": [7.22, 10.84109, 11.89336],
			"to": [8.78, 12.40109, 15.11211],
			"rotation": {"angle": 0, "axis": "x", "origin": [14, 3.77422, 17.91367]},
			"faces": {
				"north": {"uv": [0, 0, 1, 0.44922], "texture": "#1"},
				"east": {"uv": [0, 0, 6.76172, 4.44922], "texture": "#1"},
				"south": {"uv": [0, 0, 1, 0.44922], "texture": "#1"},
				"west": {"uv": [9.23828, 0, 16, 5.44922], "texture": "#1"},
				"up": {"uv": [2, 0, 15, 6.76172], "texture": "#1"},
				"down": {"uv": [0, 0, 1, 6.76172], "texture": "#1"}
			}
		},
		{
			"from": [7.45, 11.07109, 19.58593],
			"to": [8.55, 12.17109, 22.95312],
			"rotation": {"angle": 0, "axis": "x", "origin": [8, 11.62109, 21.32812]},
			"faces": {
				"north": {"uv": [1, 0, 0, 0.44922], "texture": "#1", "cullface": "south"},
				"east": {"uv": [16, 0, 9.23828, 3.44922], "texture": "#1", "cullface": "south"},
				"south": {"uv": [1, 0, 0, 0.44922], "texture": "#1", "cullface": "south"},
				"west": {"uv": [6.76172, 0, 0, 6.44922], "texture": "#1", "cullface": "south"},
				"up": {"uv": [14, 0, 2, 6.76172], "texture": "#1", "cullface": "south"},
				"down": {"uv": [1, 0, 0, 6.76172], "texture": "#1", "cullface": "south"}
			}
		},
		{
			"from": [7.55352, 11.18047, 22.35154],
			"to": [8.44648, 12.07347, 22.98826],
			"rotation": {"angle": 0, "axis": "x", "origin": [8, 11.63088, 21.3281]},
			"faces": {
				"east": {"uv": [1, 1, 5, 5], "texture": "#0", "cullface": "south"},
				"south": {"uv": [1, 1, 5, 5], "texture": "#0", "cullface": "south"},
				"west": {"uv": [1, 1, 5, 5], "texture": "#0", "cullface": "south"},
				"up": {"uv": [1, 1, 5, 5], "texture": "#0", "cullface": "south"},
				"down": {"uv": [1, 1, 5, 5], "texture": "#0", "cullface": "south"}
			}
		},
		{
			"from": [7.34936, 10.97047, 11.86911],
			"to": [8.65064, 12.27175, 12.63318],
			"rotation": {"angle": 0, "axis": "x", "origin": [7.88514, 11.63283, 23.01599]},
			"faces": {
				"north": {"uv": [1, 1, 5, 5], "texture": "#0"},
				"east": {"uv": [1, 1, 5, 5], "texture": "#0"},
				"west": {"uv": [1, 1, 5, 5], "texture": "#0"},
				"up": {"uv": [1, 1, 5, 5], "texture": "#0"},
				"down": {"uv": [1, 1, 5, 5], "texture": "#0"}
			}
		},
		{
			"from": [7.5, 11.12109, 15.02734],
			"to": [8.5, 12.12109, 19.74219],
			"rotation": {"angle": 0, "axis": "x", "origin": [12.95, 5.23203, 17.07617]},
			"faces": {
				"east": {"uv": [14.76172, 0, 2, 4.44922], "texture": "#1"},
				"west": {"uv": [15, 0, 1, 4.44922], "texture": "#1"},
				"up": {"uv": [14, 0, 2, 6.76172], "texture": "#1"},
				"down": {"uv": [1, 0, 0, 6.76172], "texture": "#1"}
			}
		},
		{
			"from": [7.47344, 9.64062, 13.57812],
			"to": [7.77031, 10.09375, 20.57422],
			"rotation": {"angle": 0, "axis": "x", "origin": [8.0125, 11.14648, 20.53125]},
			"faces": {
				"south": {"uv": [0, 0, 1, 0.44922], "texture": "#1", "cullface": "south"},
				"west": {"uv": [6.23828, 12, 16, 13.44922], "texture": "#1"}
			}
		},
		{
			"from": [7.41094, 9.21484, 10.6836],
			"to": [8.6375, 9.66406, 19.03125],
			"rotation": {"angle": 0, "axis": "x", "origin": [8.02812, 10.29102, 18.95703]},
			"faces": {
				"north": {"uv": [0, 0, 1, 0.44922], "texture": "#1"},
				"east": {"uv": [0, 8, 10.32031, 13.44922], "texture": "#1"},
				"south": {"uv": [0, 0, 1, 0.44922], "texture": "#1", "cullface": "south"},
				"west": {"uv": [6.23828, 14, 15.55859, 15.44922], "texture": "#1"},
				"up": {"uv": [0, 0, 1, 6.32031], "texture": "#1"}
			}
		},
		{
			"from": [7.41094, 9.21484, 19.03125],
			"to": [8.34062, 9.66406, 19.44922],
			"rotation": {"angle": 0, "axis": "x", "origin": [8.02812, 10.29102, 19.375]},
			"faces": {
				"east": {"uv": [0, 0, 10.32031, 5.44922], "texture": "#1", "cullface": "south"},
				"west": {"uv": [6.23828, 13.55078, 15.55859, 16], "texture": "#1", "cullface": "south"},
				"up": {"uv": [0, 0, 1, 6.32031], "texture": "#1", "cullface": "south"}
			}
		},
		{
			"from": [7.91875, 9.66406, 17.84375],
			"to": [8.53594, 10.10937, 19.03125],
			"rotation": {"angle": 0, "axis": "x", "origin": [8.22344, 10.75195, 18.95703]},
			"faces": {
				"north": {"uv": [0, 0, 1, 0.44531], "texture": "#1", "cullface": "south"},
				"east": {"uv": [0, 8, 5.1875, 13.44531], "texture": "#1", "cullface": "south"},
				"south": {"uv": [0, 0, 1, 0.44531], "texture": "#1", "cullface": "south"}
			}
		},
		{
			"from": [7.41094, 9.66406, 10.6836],
			"to": [8.6375, 10.35547, 13.58203],
			"rotation": {"angle": 0, "axis": "x", "origin": [7.80933, 4.9922, 6.2031]},
			"faces": {
				"north": {"uv": [0, 0, 1, 0.61328], "texture": "#1"},
				"east": {"uv": [2, 8, 6.87109, 13.61328], "texture": "#1"},
				"south": {"uv": [0, 0, 1, 0.61328], "texture": "#1"},
				"west": {"uv": [10.23828, 13, 16, 15.61328], "texture": "#1"},
				"up": {"uv": [2, 7, 8, 11.87109], "texture": "#1"}
			}
		},
		{
			"from": [7.70899, 7.27273, 19.02857],
			"to": [8.29102, 7.3782, 20.55982],
			"rotation": {"angle": 0, "axis": "x", "origin": [8.09766, 7.1653, 21.50999]},
			"faces": {
				"north": {"uv": [0, 0, 1, 0.10547], "texture": "#1", "cullface": "south"},
				"east": {"uv": [0, 0, 1.53125, 0.10547], "texture": "#1", "cullface": "south"},
				"south": {"uv": [0, 0, 1, 0.10547], "texture": "#1", "cullface": "south"},
				"west": {"uv": [0, 0, 1.53125, 1.10547], "texture": "#1", "cullface": "south"},
				"up": {"uv": [0, 0, 1, 1.53125], "texture": "#1", "cullface": "south"},
				"down": {"uv": [0, 0, 1, 1.53125], "texture": "#1", "cullface": "south"}
			}
		},
		{
			"from": [7.90039, 7.73758, 20.01294],
			"to": [8.09961, 8.30008, 20.20435],
			"rotation": {"angle": 0, "axis": "x", "origin": [7.95117, 8.34891, 19.96998]},
			"faces": {
				"north": {"uv": [0, 0, 1, 0.10547], "texture": "#1", "cullface": "south"},
				"east": {"uv": [0, 0, 1.53125, 0.10547], "texture": "#1", "cullface": "south"},
				"south": {"uv": [0, 0, 1, 0.10547], "texture": "#1", "cullface": "south"},
				"west": {"uv": [0, 0, 1.53125, 0.10547], "texture": "#1", "cullface": "south"}
			}
		},
		{
			"from": [7.90039, 7.48213, 19.87822],
			"to": [8.09961, 7.80245, 20.06962],
			"rotation": {"angle": 22.5, "axis": "x", "origin": [7.95898, 7.43135, 19.97392]},
			"faces": {
				"north": {"uv": [0, 0, 1, 0.10547], "texture": "#1", "cullface": "south"},
				"east": {"uv": [0, 0, 1.53125, 0.10547], "texture": "#1", "cullface": "south"},
				"south": {"uv": [0, 0, 1, 0.10547], "texture": "#1", "cullface": "south"},
				"west": {"uv": [0, 0, 1.53125, 0.10547], "texture": "#1", "cullface": "south"},
				"down": {"uv": [0, 0, 1, 1.53125], "texture": "#1", "cullface": "south"}
			}
		},
		{
			"from": [7.70906, 7.91314, 20.91408],
			"to": [8.29085, 8.01861, 21.08205],
			"rotation": {"angle": -45, "axis": "x", "origin": [8.09766, 7.1653, 21.50999]},
			"faces": {
				"east": {"uv": [0, 0, 0.16797, 0.10547], "texture": "#1", "cullface": "south"},
				"west": {"uv": [0, 0, 0.16797, 0.10547], "texture": "#1", "cullface": "south"},
				"up": {"uv": [0, 0, 1, 0.16797], "texture": "#1", "cullface": "south"},
				"down": {"uv": [0, 0, 1, 0.16797], "texture": "#1", "cullface": "south"}
			}
		},
		{
			"from": [7.70906, 8.99589, 19.83133],
			"to": [8.29085, 9.16386, 19.93679],
			"rotation": {"angle": -45, "axis": "x", "origin": [8.09766, 7.1653, 21.50999]},
			"faces": {
				"north": {"uv": [0, 0, 1, 0.16797], "rotation": 180, "texture": "#1", "cullface": "south"},
				"east": {"uv": [0, 0, 0.16797, 0.10547], "rotation": 90, "texture": "#1", "cullface": "south"},
				"south": {"uv": [0, 0, 1, 0.16797], "texture": "#1", "cullface": "south"},
				"west": {"uv": [0, 0, 0.16797, 0.10547], "rotation": 270, "texture": "#1", "cullface": "south"}
			}
		},
		{
			"from": [7.52148, 9.21875, 24.51172],
			"to": [8.47852, 10.31641, 30.01953],
			"rotation": {"angle": 0, "axis": "x", "origin": [8.02148, 7.59766, 29.98047]},
			"faces": {
				"north": {"uv": [0, 0, 11.50781, 5.09766], "texture": "#3", "cullface": "south"},
				"east": {"uv": [4.49219, 2, 16, 7.09766], "texture": "#3", "cullface": "south"},
				"south": {"uv": [0, 0, 11.50781, 5.09766], "texture": "#3", "cullface": "south"},
				"west": {"uv": [0, 2, 11.50781, 7.09766], "texture": "#3", "cullface": "south"},
				"up": {"uv": [6, 1, 10, 10], "texture": "#3", "cullface": "south"},
				"down": {"uv": [0, 0, 11.50781, 5.09766], "texture": "#3", "cullface": "south"}
			}
		},
		{
			"from": [7.5001, 5.03619, 28.61231],
			"to": [8.4999, 5.84478, 30.19043],
			"rotation": {"angle": -45, "axis": "x", "origin": [8, 7.8665, 24.72612]},
			"faces": {
				"east": {"uv": [0, 0, 8.57813, 5.80859], "texture": "#2", "cullface": "south"},
				"west": {"uv": [0, 0, 8.57813, 5.80859], "texture": "#2", "cullface": "south"},
				"up": {"uv": [0, 0, 8.57813, 5.80859], "texture": "#2", "cullface": "south"}
			}
		},
		{
			"from": [7.5001, 8.00558, 27.18284],
			"to": [8.4999, 9.11495, 30.4094],
			"rotation": {"angle": 22.5, "axis": "x", "origin": [8, 8.05245, 27.46409]},
			"faces": {
				"north": {"uv": [0, 0, 10.22656, 6.10938], "texture": "#2", "cullface": "south"},
				"east": {"uv": [0, 0, 10.22656, 6.10938], "texture": "#2", "cullface": "south"},
				"west": {"uv": [0, 0, 10.22656, 6.10938], "texture": "#2", "cullface": "south"},
				"down": {"uv": [0, 0, 10.22656, 6.10938], "texture": "#2", "cullface": "south"}
			}
		},
		{
			"from": [7.5002, 7.75796, 29.64687],
			"to": [8.4998, 8.07436, 30.77578],
			"rotation": {"angle": 45, "axis": "x", "origin": [8, 8.01186, 28.88906]},
			"faces": {
				"east": {"uv": [0, 0, 8.12891, 5.31641], "texture": "#2", "cullface": "south"},
				"west": {"uv": [0, 0, 8.12891, 5.31641], "texture": "#2", "cullface": "south"},
				"down": {"uv": [0, 0, 8.12891, 5.31641], "texture": "#2", "cullface": "south"}
			}
		},
		{
			"from": [7.5, 9.51563, 31.53906],
			"to": [8.5, 10.04688, 31.94141],
			"rotation": {"angle": 0, "axis": "x", "origin": [8, 7.8665, 24.72612]},
			"faces": {
				"east": {"uv": [0, 0, 6.40234, 4.53125], "texture": "#3", "cullface": "south"},
				"south": {"uv": [3, 2, 9.40234, 6.53125], "texture": "#3", "cullface": "south"},
				"west": {"uv": [0, 0, 6.40234, 4.53125], "texture": "#3", "cullface": "south"},
				"up": {"uv": [0, 0, 6.40234, 4.53125], "texture": "#3", "cullface": "south"},
				"down": {"uv": [0, 0, 6.40234, 4.53125], "texture": "#3", "cullface": "south"}
			}
		},
		{
			"from": [7.5001, 11.08485, 30.38608],
			"to": [8.4999, 12.15126, 30.76108],
			"rotation": {"angle": 22.5, "axis": "x", "origin": [8, 7.8665, 24.72612]},
			"faces": {
				"east": {"uv": [0, 0, 6.375, 5.06641], "texture": "#3", "cullface": "south"},
				"south": {"uv": [4, 3, 10.375, 8.06641], "texture": "#3", "cullface": "south"},
				"west": {"uv": [0, 0, 6.375, 5.06641], "texture": "#3", "cullface": "south"},
				"up": {"uv": [0, 0, 6.375, 5.06641], "texture": "#3", "cullface": "south"}
			}
		},
		{
			"from": [7.5, 10.13807, 31.51818],
			"to": [8.5, 10.29823, 31.69005],
			"rotation": {"angle": 0, "axis": "x", "origin": [8, 7.8665, 24.72612]},
			"faces": {
				"east": {"uv": [0, 0, 6.17188, 4.16016], "texture": "#3", "cullface": "south"},
				"south": {"uv": [0, 0, 6.17188, 4.16016], "texture": "#3", "cullface": "south"},
				"west": {"uv": [0, 0, 6.17188, 4.16016], "texture": "#3", "cullface": "south"},
				"up": {"uv": [4, 4, 10.17188, 8.16016], "texture": "#3", "cullface": "south"},
				"down": {"uv": [0, 0, 6.17188, 4.16016], "texture": "#3", "cullface": "south"}
			}
		},
		{
			"from": [7.5001, 4.30628, 30.96751],
			"to": [8.4999, 4.66174, 31.36985],
			"rotation": {"angle": -45, "axis": "x", "origin": [8, 7.8665, 24.72612]},
			"faces": {
				"east": {"uv": [0, 0, 6.40234, 4.35547], "texture": "#3", "cullface": "south"},
				"south": {"uv": [5, 5, 11.40234, 9.35547], "texture": "#3", "cullface": "south"},
				"west": {"uv": [0, 0, 6.40234, 4.35547], "texture": "#3", "cullface": "south"}
			}
		},
		{
			"from": [7.625, 9.24609, -12.25391],
			"to": [8.375, 9.99609, 6.36328],
			"rotation": {"angle": 0, "axis": "x", "origin": [8.06835, 6.25977, -5.88086]},
			"faces": {
				"east": {"uv": [5, 0, 12, 5], "texture": "#1"},
				"west": {"uv": [5, 0, 12, 5], "texture": "#1"},
				"up": {"uv": [5, 0, 12, 5], "texture": "#1"},
				"down": {"uv": [5, 0, 12, 5], "texture": "#1"}
			}
		},
		{
			"from": [7.28126, 8.91992, -14.60547],
			"to": [8.71874, 10.32227, -12.25391],
			"rotation": {"angle": 0, "axis": "x", "origin": [7.86914, 7.96875, -15.18945]},
			"faces": {
				"north": {"uv": [0, 0, 2, 3.88672], "texture": "#1", "cullface": "north"},
				"east": {"uv": [0, 0, 2, 3.88672], "texture": "#1", "cullface": "north"},
				"south": {"uv": [0, 0, 2, 3.88672], "texture": "#1", "cullface": "north"},
				"west": {"uv": [0, 0, 2, 3.88672], "texture": "#1", "cullface": "north"},
				"up": {"uv": [8, 1, 11, 2.88672], "texture": "#1", "cullface": "north"},
				"down": {"uv": [0, 0, 2, 3.88672], "texture": "#1", "cullface": "north"}
			}
		},
		{
			"from": [7.4, 9.02109, 6.23829],
			"to": [8.6, 10.22109, 10.72657],
			"rotation": {"angle": 0, "axis": "x", "origin": [8, 6.32813, 7.44922]},
			"faces": {
				"north": {"uv": [0, 12.62891, 16, 16], "texture": "#1"},
				"east": {"uv": [3, 8.62891, 16, 12], "texture": "#1"},
				"south": {"uv": [0, 12.62891, 16, 16], "texture": "#1"},
				"west": {"uv": [0, 8.62891, 13, 12], "texture": "#1"},
				"up": {"uv": [6, 6.62891, 15, 10], "texture": "#1"},
				"down": {"uv": [0, 12.62891, 16, 16], "texture": "#1"}
			}
		}
	],
	"gui_light": "front",
	"display": {
		"thirdperson_righthand": {
			"rotation": [49.25, 0, 0],
			"translation": [0, 9.5, -7]
		},
		"thirdperson_lefthand": {
			"rotation": [49.25, 0, 0],
			"translation": [0, 9.5, -7]
		},
		"firstperson_righthand": {
			"rotation": [0, 0, -4.25],
			"translation": [-6.5, 13.75, -1.75],
			"scale": [1, 1, 0.7]
		},
		"firstperson_lefthand": {
			"translation": [-6.75, 4.75, -2.75],
			"scale": [1, 1, 0.7]
		},
		"gui": {
			"rotation": [-90, 135, 90],
			"translation": [-0.5, 0.25, 0],
			"scale": [0.88, 0.88, 0.88]
		},
		"fixed": {
			"rotation": [-90, -135, -90],
			"translation": [4.5, 2.25, -1.25],
			"scale": [1.5, 1.5, 1.5]
		}
	}
}